piece_id,audio_filename,movement,youtube_url,start_time,end_time,pianist
ddec08da_part02,ddec08da_part02.wav,Beethoven Piano Sonata No.17 in D minor “Tempest” movement 2,https://www.youtube.com/watch?v=tiJjoFQtMvg,742.56,772.26,Daniel Barenboim
c97b687e_part02,c97b687e_part02.wav,Beethoven Piano Sonata No.17 in D minor “Tempest” movement 1,https://www.youtube.com/watch?v=tiJjoFQtMvg,288.07,388.04,Daniel Barenboim
aead85e3_part01,aead85e3_part01.wav,Beethoven Piano Sonata No.17 in D minor “Tempest” movement 3,https://www.youtube.com/watch?v=tiJjoFQtMvg,1090.51,1256.72,Daniel Barenboim
ddec08da_part01,ddec08da_part01.wav,Beethoven Piano Sonata No.17 in D minor “Tempest” movement 2,https://www.youtube.com/watch?v=tiJjoFQtMvg,545.03,742.56,Daniel Barenboim
c97b687e_part03,c97b687e_part03.wav,Beethoven Piano Sonata No.17 in D minor “Tempest” movement 1,https://www.youtube.com/watch?v=tiJjoFQtMvg,388.04,545.03,Daniel Barenboim
c97b687e_part01,c97b687e_part01.wav,Beethoven Piano Sonata No.17 in D minor “Tempest” movement 1,https://www.youtube.com/watch?v=tiJjoFQtMvg,19.39,288.07,Daniel Barenboim
ddec08da_part03,ddec08da_part03.wav,Beethoven Piano Sonata No.17 in D minor “Tempest” movement 2,https://www.youtube.com/watch?v=tiJjoFQtMvg,772.26,1090.51,Daniel Barenboim
49122de1_part01,49122de1_part01.wav,"Fugue No.16 in G minor, BWV 885",https://www.youtube.com/watch?v=xa1mS4jIgHA,235.11,389.43,András Schiff
ca2a3729_part01,ca2a3729_part01.wav,"Prelude No.16 in G minor, BWV 885",https://www.youtube.com/watch?v=xa1mS4jIgHA,0.0,235.11,Sviatoslav Richter
00d1011d_part01,00d1011d_part01.wav,"Prelude No.23 in B major, BWV 892",https://www.youtube.com/watch?v=ScBXFafau1I,10.88,100.03,András Schiff
58852932_part01,58852932_part01.wav,"Fugue No.23 in B major, BWV 892",https://www.youtube.com/watch?v=ScBXFafau1I,100.03,289.82,András Schiff
aead85e3_part02,aead85e3_part02.wav,Beethoven Piano Sonata No.17 in D minor “Tempest” movement 3,https://www.youtube.com/watch?v=tiJjoFQtMvg,1256.72,1359.55,Daniel Barenboim
aead85e3_part03,aead85e3_part03.wav,Beethoven Piano Sonata No.17 in D minor “Tempest” movement 3,https://www.youtube.com/watch?v=tiJjoFQtMvg,1359.55,1530.32,Daniel Barenboim
c3196d7e_part01,c3196d7e_part01.wav,"Mozart Piano Sonata No.15 in F major, K.533/494 movement 1",https://www.youtube.com/watch?v=u81upBI1UPc,0.0,270.07,Daniel Barenboim
c3196d7e_part02,c3196d7e_part02.wav,"Mozart Piano Sonata No.15 in F major, K.533/494 movement 1",https://www.youtube.com/watch?v=u81upBI1UPc,270.07,326.27,Daniel Barenboim
53889aa0_part02,53889aa0_part02.wav,"Mozart Piano Sonata No.15 in F major, K.533/494 movement 2",https://www.youtube.com/watch?v=u81upBI1UPc,763.7,838.59,Daniel Barenboim
c3196d7e_part03,c3196d7e_part03.wav,"Mozart Piano Sonata No.15 in F major, K.533/494 movement 1",https://www.youtube.com/watch?v=u81upBI1UPc,326.27,453.37,Daniel Barenboim
53889aa0_part01,53889aa0_part01.wav,"Mozart Piano Sonata No.15 in F major, K.533/494 movement 2",https://www.youtube.com/watch?v=u81upBI1UPc,453.37,763.7,Daniel Barenboim
53889aa0_part03,53889aa0_part03.wav,"Mozart Piano Sonata No.15 in F major, K.533/494 movement 2",https://www.youtube.com/watch?v=u81upBI1UPc,838.59,1026.93,Daniel Barenboim
2ef4995a_part01,2ef4995a_part01.wav,"Mozart Piano Sonata No.15 in F major, K.533/494 movement 3",https://www.youtube.com/watch?v=u81upBI1UPc,1026.93,1111.63,Daniel Barenboim
2ef4995a_part02,2ef4995a_part02.wav,"Mozart Piano Sonata No.15 in F major, K.533/494 movement 3",https://www.youtube.com/watch?v=u81upBI1UPc,1111.63,1259.18,Daniel Barenboim
2ef4995a_part03,2ef4995a_part03.wav,"Mozart Piano Sonata No.15 in F major, K.533/494 movement 3",https://www.youtube.com/watch?v=u81upBI1UPc,1259.18,1393.45,Daniel Barenboim
9c68c1d3_part02,9c68c1d3_part02.wav,"Mozart Piano Sonata No.1 in C major, K.279 movement 1",https://www.youtube.com/watch?v=WR2hUcMHA0g,161.0,199.67,Daniel Barenboim
3e987ba9_part02,3e987ba9_part02.wav,"Mozart Piano Sonata No.1 in C major, K.279 movement 2",https://www.youtube.com/watch?v=WR2hUcMHA0g,788.03,838.65,Daniel Barenboim
3e987ba9_part03,3e987ba9_part03.wav,"Mozart Piano Sonata No.1 in C major, K.279 movement 2",https://www.youtube.com/watch?v=WR2hUcMHA0g,838.65,958.3,Daniel Barenboim
9c68c1d3_part03,9c68c1d3_part03.wav,"Mozart Piano Sonata No.1 in C major, K.279 movement 1",https://www.youtube.com/watch?v=WR2hUcMHA0g,199.67,418.63,Daniel Barenboim
9c68c1d3_part01,9c68c1d3_part01.wav,"Mozart Piano Sonata No.1 in C major, K.279 movement 1",https://www.youtube.com/watch?v=WR2hUcMHA0g,0.0,161.0,Daniel Barenboim
dbc8c782_part01,dbc8c782_part01.wav,"Mozart Piano Sonata No.1 in C major, K.279 movement 3",https://www.youtube.com/watch?v=WR2hUcMHA0g,958.3,1070.08,Daniel Barenboim
3e987ba9_part01,3e987ba9_part01.wav,"Mozart Piano Sonata No.1 in C major, K.279 movement 2",https://www.youtube.com/watch?v=WR2hUcMHA0g,418.63,788.03,Daniel Barenboim
086da1f6_part02,086da1f6_part02.wav,Beethoven: Piano Sonata No.6 in F major movement 1,https://www.youtube.com/watch?v=gb--VV-7GGk,187.91,261.91,Daniel Barenboim
28e67790_part01,28e67790_part01.wav,Beethoven: Piano Sonata No.6 in F major movement 2,https://www.youtube.com/watch?v=gb--VV-7GGk,396.2,489.19,Daniel Barenboim
086da1f6_part03,086da1f6_part03.wav,Beethoven: Piano Sonata No.6 in F major movement 1,https://www.youtube.com/watch?v=gb--VV-7GGk,261.91,396.2,Daniel Barenboim
086da1f6_part01,086da1f6_part01.wav,Beethoven: Piano Sonata No.6 in F major movement 1,https://www.youtube.com/watch?v=gb--VV-7GGk,0.0,187.91,Daniel Barenboim
28e67790_part02,28e67790_part02.wav,Beethoven: Piano Sonata No.6 in F major movement 2,https://www.youtube.com/watch?v=gb--VV-7GGk,489.19,597.16,Daniel Barenboim
dbc8c782_part02,dbc8c782_part02.wav,"Mozart Piano Sonata No.1 in C major, K.279 movement 3",https://www.youtube.com/watch?v=WR2hUcMHA0g,1070.08,1102.11,Daniel Barenboim
dbc8c782_part03,dbc8c782_part03.wav,"Mozart Piano Sonata No.1 in C major, K.279 movement 3",https://www.youtube.com/watch?v=WR2hUcMHA0g,1102.11,1286.17,Daniel Barenboim
3b96ef5b_part01,3b96ef5b_part01.wav,"Prelude No.13 in F♯ major, BWV 858",https://www.youtube.com/watch?v=z2ZyK5JWsJA,23.92,116.74,Wilhelm Kempff
28e67790_part03,28e67790_part03.wav,Beethoven: Piano Sonata No.6 in F major movement 2,https://www.youtube.com/watch?v=gb--VV-7GGk,597.16,656.75,Daniel Barenboim
d1732352_part01,d1732352_part01.wav,Beethoven: Piano Sonata No.6 in F major movement 3,https://www.youtube.com/watch?v=gb--VV-7GGk,656.75,704.73,Daniel Barenboim
d1732352_part02,d1732352_part02.wav,Beethoven: Piano Sonata No.6 in F major movement 3,https://www.youtube.com/watch?v=gb--VV-7GGk,704.73,746.08,Daniel Barenboim
d1732352_part03,d1732352_part03.wav,Beethoven: Piano Sonata No.6 in F major movement 3,https://www.youtube.com/watch?v=gb--VV-7GGk,746.08,797.05,Daniel Barenboim
0d0c61a8_part01,0d0c61a8_part01.wav,"Fugue No.4 in C♯ minor, BWV 849",https://www.youtube.com/watch?v=mv0Xw6fchN0,228.54,458.18,Evgeny Kissin
6e6adc15_part01,6e6adc15_part01.wav,"Prelude No.4 in C♯ minor, BWV 849",https://www.youtube.com/watch?v=mv0Xw6fchN0,22.51,228.54,Evgeny Kissin
9c3afc89_part01,9c3afc89_part01.wav,"Fugue No.13 in F♯ major, BWV 858",https://www.youtube.com/watch?v=z2ZyK5JWsJA,116.74,228.36,Wilhelm Kempff
31c31fc1_part01,31c31fc1_part01.wav,"Prelude No.10 in E minor, BWV 855",https://www.youtube.com/watch?v=0PG3WGZlT4A,0.0,113.34,Sviatoslav Richter
f050249e_part01,f050249e_part01.wav,"Fugue No.10 in E minor, BWV 855",https://www.youtube.com/watch?v=0PG3WGZlT4A,113.34,179.98,András Schiff
f993a836_part02,f993a836_part02.wav,Beethoven: Piano Sonata No.16 in G major movement 2,https://www.youtube.com/watch?v=Jf_6kwvlRgw,629.81,771.09,Daniel Barenboim
389a693b_part02,389a693b_part02.wav,Beethoven: Piano Sonata No.16 in G major movement 1,https://www.youtube.com/watch?v=Jf_6kwvlRgw,207.06,280.4,Daniel Barenboim
389a693b_part03,389a693b_part03.wav,Beethoven: Piano Sonata No.16 in G major movement 1,https://www.youtube.com/watch?v=Jf_6kwvlRgw,280.4,402.28,Daniel Barenboim
389a693b_part01,389a693b_part01.wav,Beethoven: Piano Sonata No.16 in G major movement 1,https://www.youtube.com/watch?v=Jf_6kwvlRgw,0.0,207.06,Daniel Barenboim
2cbb5433_part01,2cbb5433_part01.wav,Beethoven: Piano Sonata No.16 in G major movement 3,https://www.youtube.com/watch?v=Jf_6kwvlRgw,1114.66,1228.96,Daniel Barenboim
f993a836_part01,f993a836_part01.wav,Beethoven: Piano Sonata No.16 in G major movement 2,https://www.youtube.com/watch?v=Jf_6kwvlRgw,402.28,629.81,Daniel Barenboim
f993a836_part03,f993a836_part03.wav,Beethoven: Piano Sonata No.16 in G major movement 2,https://www.youtube.com/watch?v=Jf_6kwvlRgw,771.09,1114.66,Daniel Barenboim
4dbab1e2_part01,4dbab1e2_part01.wav,"Prelude No.11 in F major, BWV 856",https://www.youtube.com/watch?v=8p_K1ELVp2o,24.33,90.77,Daniel Barenboim
f31952c5_part01,f31952c5_part01.wav,"Fugue No.11 in F major, BWV 856",https://www.youtube.com/watch?v=8p_K1ELVp2o,90.77,174.53,Daniel Barenboim
2cbb5433_part02,2cbb5433_part02.wav,Beethoven: Piano Sonata No.16 in G major movement 3,https://www.youtube.com/watch?v=Jf_6kwvlRgw,1228.96,1294.57,Daniel Barenboim
9b69c053_part02,9b69c053_part02.wav,Beethoven: Piano Sonata No.27 in E minor movement 2,https://www.youtube.com/watch?v=yILacTG6Sb8,509.55,563.63,Daniel Barenboim
2cbb5433_part03,2cbb5433_part03.wav,Beethoven: Piano Sonata No.16 in G major movement 3,https://www.youtube.com/watch?v=Jf_6kwvlRgw,1294.57,1491.1,Daniel Barenboim
67df6b90_part01,67df6b90_part01.wav,Beethoven: Piano Sonata No.27 in E minor movement 1,https://www.youtube.com/watch?v=yILacTG6Sb8,0.0,119.99,Daniel Barenboim
67df6b90_part02,67df6b90_part02.wav,Beethoven: Piano Sonata No.27 in E minor movement 1,https://www.youtube.com/watch?v=yILacTG6Sb8,119.99,193.14,Daniel Barenboim
67df6b90_part03,67df6b90_part03.wav,Beethoven: Piano Sonata No.27 in E minor movement 1,https://www.youtube.com/watch?v=yILacTG6Sb8,193.14,347.93,Daniel Barenboim
9b69c053_part01,9b69c053_part01.wav,Beethoven: Piano Sonata No.27 in E minor movement 2,https://www.youtube.com/watch?v=yILacTG6Sb8,347.93,509.55,Daniel Barenboim
9b69c053_part03,9b69c053_part03.wav,Beethoven: Piano Sonata No.27 in E minor movement 2,https://www.youtube.com/watch?v=yILacTG6Sb8,563.63,825.02,Daniel Barenboim
9281df8f_part01,9281df8f_part01.wav,Beethoven: Piano Sonata No.30 in E Major movement 2,https://www.youtube.com/watch?v=fGeni1qan0w,239.97,295.57,Daniel Barenboim
3ca99c35_part02,3ca99c35_part02.wav,Beethoven: Piano Sonata No.30 in E Major movement 1,https://www.youtube.com/watch?v=fGeni1qan0w,132.62,187.04,Daniel Barenboim
9281df8f_part02,9281df8f_part02.wav,Beethoven: Piano Sonata No.30 in E Major movement 2,https://www.youtube.com/watch?v=fGeni1qan0w,295.57,330.17,Daniel Barenboim
3ca99c35_part03,3ca99c35_part03.wav,Beethoven: Piano Sonata No.30 in E Major movement 1,https://www.youtube.com/watch?v=fGeni1qan0w,187.04,239.97,Daniel Barenboim
9281df8f_part03,9281df8f_part03.wav,Beethoven: Piano Sonata No.30 in E Major movement 2,https://www.youtube.com/watch?v=fGeni1qan0w,330.17,393.98,Daniel Barenboim
3ca99c35_part01,3ca99c35_part01.wav,Beethoven: Piano Sonata No.30 in E Major movement 1,https://www.youtube.com/watch?v=fGeni1qan0w,0.0,132.62,Daniel Barenboim
effe95f2_part01,effe95f2_part01.wav,Beethoven: Piano Sonata No.30 in E Major movement 3,https://www.youtube.com/watch?v=fGeni1qan0w,393.98,559.47,Daniel Barenboim
effe95f2_part02,effe95f2_part02.wav,Beethoven: Piano Sonata No.30 in E Major movement 3,https://www.youtube.com/watch?v=fGeni1qan0w,559.47,711.71,Daniel Barenboim
effe95f2_part03,effe95f2_part03.wav,Beethoven: Piano Sonata No.30 in E Major movement 3,https://www.youtube.com/watch?v=fGeni1qan0w,711.71,816.55,Daniel Barenboim
effe95f2_part04,effe95f2_part04.wav,Beethoven: Piano Sonata No.30 in E Major movement 3,https://www.youtube.com/watch?v=fGeni1qan0w,816.55,844.74,Daniel Barenboim
8e5d70a0_part01,8e5d70a0_part01.wav,Beethoven: Piano Sonata No.28 in A Major movement 1,https://www.youtube.com/watch?v=yn2CbJls2_A,14.02,87.64,Daniel Barenboim
effe95f2_part06,effe95f2_part06.wav,Beethoven: Piano Sonata No.30 in E Major movement 3,https://www.youtube.com/watch?v=fGeni1qan0w,1045.57,1106.85,Daniel Barenboim
effe95f2_part05,effe95f2_part05.wav,Beethoven: Piano Sonata No.30 in E Major movement 3,https://www.youtube.com/watch?v=fGeni1qan0w,844.74,1045.57,Daniel Barenboim
effe95f2_part07,effe95f2_part07.wav,Beethoven: Piano Sonata No.30 in E Major movement 3,https://www.youtube.com/watch?v=fGeni1qan0w,1106.85,1379.0,Claudio Arrau
8e5d70a0_part02,8e5d70a0_part02.wav,Beethoven: Piano Sonata No.28 in A Major movement 1,https://www.youtube.com/watch?v=yn2CbJls2_A,87.64,133.25,Daniel Barenboim
8e5d70a0_part03,8e5d70a0_part03.wav,Beethoven: Piano Sonata No.28 in A Major movement 1,https://www.youtube.com/watch?v=yn2CbJls2_A,133.25,248.95,Daniel Barenboim
a92d2ea1_part01,a92d2ea1_part01.wav,Beethoven: Piano Sonata No.28 in A Major movement 2,https://www.youtube.com/watch?v=yn2CbJls2_A,248.95,429.61,Daniel Barenboim
a92d2ea1_part02,a92d2ea1_part02.wav,Beethoven: Piano Sonata No.28 in A Major movement 2,https://www.youtube.com/watch?v=yn2CbJls2_A,429.61,528.27,Daniel Barenboim
a92d2ea1_part03,a92d2ea1_part03.wav,Beethoven: Piano Sonata No.28 in A Major movement 2,https://www.youtube.com/watch?v=yn2CbJls2_A,528.27,618.48,Daniel Barenboim
13fdbfbf_part01,13fdbfbf_part01.wav,Beethoven: Piano Sonata No.28 in A Major movement 3,https://www.youtube.com/watch?v=yn2CbJls2_A,620.23,788.35,Daniel Barenboim
13fdbfbf_part02,13fdbfbf_part02.wav,Beethoven: Piano Sonata No.28 in A Major movement 3,https://www.youtube.com/watch?v=yn2CbJls2_A,788.35,816.61,Daniel Barenboim
8eeaa801_part02,8eeaa801_part02.wav,Beethoven: Piano Sonata No.28 in A Major movement 4,https://www.youtube.com/watch?v=yn2CbJls2_A,1005.07,1115.05,Daniel Barenboim
8eeaa801_part03,8eeaa801_part03.wav,Beethoven: Piano Sonata No.28 in A Major movement 4,https://www.youtube.com/watch?v=yn2CbJls2_A,1115.05,1257.16,Daniel Barenboim
8eeaa801_part01,8eeaa801_part01.wav,Beethoven: Piano Sonata No.28 in A Major movement 4,https://www.youtube.com/watch?v=yn2CbJls2_A,816.61,1005.07,Daniel Barenboim
7ae76b84_part02,7ae76b84_part02.wav,"Mozart Piano Sonata No.13 in B-flat major, K.333 movement 1",https://www.youtube.com/watch?v=6UeMTSHvGUA,227.78,281.51,Daniel Barenboim
7ae76b84_part03,7ae76b84_part03.wav,"Mozart Piano Sonata No.13 in B-flat major, K.333 movement 1",https://www.youtube.com/watch?v=6UeMTSHvGUA,281.51,416.47,Daniel Barenboim
7ae76b84_part01,7ae76b84_part01.wav,"Mozart Piano Sonata No.13 in B-flat major, K.333 movement 1",https://www.youtube.com/watch?v=6UeMTSHvGUA,0.0,227.78,Daniel Barenboim
6fc5953d_part02,6fc5953d_part02.wav,"Mozart Piano Sonata No.13 in B-flat major, K.333 movement 2",https://www.youtube.com/watch?v=6UeMTSHvGUA,658.05,730.65,Daniel Barenboim
1234cd64_part01,1234cd64_part01.wav,"Prelude No.19 in A major, BWV 864",https://www.youtube.com/watch?v=q-0s4oDeUQU,0.0,72.52,András Schiff
9b5b5652_part01,9b5b5652_part01.wav,"Fugue No.19 in A major, BWV 864",https://www.youtube.com/watch?v=q-0s4oDeUQU,72.52,209.43,András Schiff
6fc5953d_part01,6fc5953d_part01.wav,"Mozart Piano Sonata No.13 in B-flat major, K.333 movement 2",https://www.youtube.com/watch?v=6UeMTSHvGUA,416.47,658.05,Daniel Barenboim
6fc5953d_part03,6fc5953d_part03.wav,"Mozart Piano Sonata No.13 in B-flat major, K.333 movement 2",https://www.youtube.com/watch?v=6UeMTSHvGUA,730.65,864.56,Daniel Barenboim
3dadab63_part01,3dadab63_part01.wav,"Mozart Piano Sonata No.13 in B-flat major, K.333 movement 3",https://www.youtube.com/watch?v=6UeMTSHvGUA,864.56,942.49,Daniel Barenboim
3dadab63_part02,3dadab63_part02.wav,"Mozart Piano Sonata No.13 in B-flat major, K.333 movement 3",https://www.youtube.com/watch?v=6UeMTSHvGUA,942.49,1024.84,Daniel Barenboim
50b35dce_part02,50b35dce_part02.wav,Beethoven: Piano Sonata No.19 in G minor movement 1,https://www.youtube.com/watch?v=3wlezLVhv00,128.37,193.64,Daniel Barenboim
6314621d_part01,6314621d_part01.wav,Beethoven: Piano Sonata No.19 in G minor movement 2,https://www.youtube.com/watch?v=3wlezLVhv00,283.4,395.7,Daniel Barenboim
50b35dce_part01,50b35dce_part01.wav,Beethoven: Piano Sonata No.19 in G minor movement 1,https://www.youtube.com/watch?v=3wlezLVhv00,8.51,128.37,Daniel Barenboim
6314621d_part02,6314621d_part02.wav,Beethoven: Piano Sonata No.19 in G minor movement 2,https://www.youtube.com/watch?v=3wlezLVhv00,395.7,403.74,Daniel Barenboim
50b35dce_part03,50b35dce_part03.wav,Beethoven: Piano Sonata No.19 in G minor movement 1,https://www.youtube.com/watch?v=3wlezLVhv00,193.64,283.4,Daniel Barenboim
3dadab63_part03,3dadab63_part03.wav,"Mozart Piano Sonata No.13 in B-flat major, K.333 movement 3",https://www.youtube.com/watch?v=6UeMTSHvGUA,1024.84,1231.33,Daniel Barenboim
7b1d7bf3_part01,7b1d7bf3_part01.wav,"Prelude No.10 in E minor, BWV 879",https://www.youtube.com/watch?v=Dg4R7Ov9xWg,0.0,181.18,Sviatoslav Richter
73f82277_part01,73f82277_part01.wav,"Fugue No.10 in E minor, BWV 879",https://www.youtube.com/watch?v=Dg4R7Ov9xWg,181.18,344.93,András Schiff
6314621d_part03,6314621d_part03.wav,Beethoven: Piano Sonata No.19 in G minor movement 2,https://www.youtube.com/watch?v=3wlezLVhv00,403.74,474.23,Daniel Barenboim
89f6495b_part01,89f6495b_part01.wav,Beethoven: Piano Sonata No.26 in Eb Major movement 1,https://www.youtube.com/watch?v=h2CLFPii7Qg,13.36,112.1,Daniel Barenboim
fc68df60_part01,fc68df60_part01.wav,Beethoven: Piano Sonata No.26 in Eb Major movement 2,https://www.youtube.com/watch?v=h2CLFPii7Qg,462.72,572.37,Daniel Barenboim
31e8bcf9_part01,31e8bcf9_part01.wav,Beethoven: Piano Sonata No.26 in Eb Major movement 3,https://www.youtube.com/watch?v=h2CLFPii7Qg,704.58,716.45,Daniel Barenboim
89f6495b_part03,89f6495b_part03.wav,Beethoven: Piano Sonata No.26 in Eb Major movement 1,https://www.youtube.com/watch?v=h2CLFPii7Qg,230.88,280.15,Daniel Barenboim
fc68df60_part02,fc68df60_part02.wav,Beethoven: Piano Sonata No.26 in Eb Major movement 2,https://www.youtube.com/watch?v=h2CLFPii7Qg,572.37,704.58,Daniel Barenboim
89f6495b_part02,89f6495b_part02.wav,Beethoven: Piano Sonata No.26 in Eb Major movement 1,https://www.youtube.com/watch?v=h2CLFPii7Qg,112.1,230.88,Daniel Barenboim
89f6495b_part04,89f6495b_part04.wav,Beethoven: Piano Sonata No.26 in Eb Major movement 1,https://www.youtube.com/watch?v=h2CLFPii7Qg,280.15,462.72,Daniel Barenboim
31e8bcf9_part02,31e8bcf9_part02.wav,Beethoven: Piano Sonata No.26 in Eb Major movement 3,https://www.youtube.com/watch?v=h2CLFPii7Qg,716.45,891.6,Daniel Barenboim
31e8bcf9_part03,31e8bcf9_part03.wav,Beethoven: Piano Sonata No.26 in Eb Major movement 3,https://www.youtube.com/watch?v=h2CLFPii7Qg,891.6,933.39,Daniel Barenboim
31e8bcf9_part04,31e8bcf9_part04.wav,Beethoven: Piano Sonata No.26 in Eb Major movement 3,https://www.youtube.com/watch?v=h2CLFPii7Qg,933.39,1072.91,Daniel Barenboim
ad75d9ef_part02,ad75d9ef_part02.wav,"Mozart Piano Sonata No.6 in D major, K.284 movement 1",https://www.youtube.com/watch?v=dRfTr8RC0ZI,90.81,126.07,Ivan Moravec
ad75d9ef_part03,ad75d9ef_part03.wav,"Mozart Piano Sonata No.6 in D major, K.284 movement 1",https://www.youtube.com/watch?v=dRfTr8RC0ZI,126.07,225.61,Ivan Moravec
ad75d9ef_part01,ad75d9ef_part01.wav,"Mozart Piano Sonata No.6 in D major, K.284 movement 1",https://www.youtube.com/watch?v=dRfTr8RC0ZI,0.0,90.81,Ivan Moravec
50b573bf_part01,50b573bf_part01.wav,"Mozart Piano Sonata No.6 in D major, K.284 movement 2",https://www.youtube.com/watch?v=dRfTr8RC0ZI,225.61,398.24,Ivan Moravec
392f1f9c_part01,392f1f9c_part01.wav,Ballade No.1 in G minor Op.23,https://www.youtube.com/watch?v=taY5oHleS4I,0.0,46.2,Seong-Jin Cho
392f1f9c_part03,392f1f9c_part03.wav,Ballade No.1 in G minor Op.23,https://www.youtube.com/watch?v=taY5oHleS4I,201.34,275.02,Seong-Jin Cho
392f1f9c_part02,392f1f9c_part02.wav,Ballade No.1 in G minor Op.23,https://www.youtube.com/watch?v=taY5oHleS4I,46.2,201.34,Seong-Jin Cho
392f1f9c_part04,392f1f9c_part04.wav,Ballade No.1 in G minor Op.23,https://www.youtube.com/watch?v=taY5oHleS4I,275.02,453.68,Seong-Jin Cho
392f1f9c_part05,392f1f9c_part05.wav,Ballade No.1 in G minor Op.23,https://www.youtube.com/watch?v=taY5oHleS4I,453.68,491.55,Seong-Jin Cho
50b573bf_part02,50b573bf_part02.wav,"Mozart Piano Sonata No.6 in D major, K.284 movement 2",https://www.youtube.com/watch?v=dRfTr8RC0ZI,398.24,420.99,Ivan Moravec
50b573bf_part03,50b573bf_part03.wav,"Mozart Piano Sonata No.6 in D major, K.284 movement 2",https://www.youtube.com/watch?v=dRfTr8RC0ZI,420.99,584.85,Ivan Moravec
392f1f9c_part06,392f1f9c_part06.wav,Ballade No.1 in G minor Op.23,https://www.youtube.com/watch?v=taY5oHleS4I,491.55,578.3,Seong-Jin Cho
dcb68d5c_part01,dcb68d5c_part01.wav,"Mozart Piano Sonata No.6 in D major, K.284 movement 3",https://www.youtube.com/watch?v=dRfTr8RC0ZI,584.85,1327.74,Ivan Moravec
a2ed5934_part02,a2ed5934_part02.wav,Beethoven: Piano Sonata No.18 in E-flat Major “The Hunt” movement 1,https://www.youtube.com/watch?v=P-Q5aBAw-T4,270.5,338.9,Daniel Barenboim
a2ed5934_part01,a2ed5934_part01.wav,Beethoven: Piano Sonata No.18 in E-flat Major “The Hunt” movement 1,https://www.youtube.com/watch?v=P-Q5aBAw-T4,0.0,270.5,Daniel Barenboim
a2ed5934_part03,a2ed5934_part03.wav,Beethoven: Piano Sonata No.18 in E-flat Major “The Hunt” movement 1,https://www.youtube.com/watch?v=P-Q5aBAw-T4,338.9,511.56,Daniel Barenboim
e1b5ca78_part03,e1b5ca78_part03.wav,Beethoven: Piano Sonata No.18 in E-flat Major “The Hunt” movement 2,https://www.youtube.com/watch?v=P-Q5aBAw-T4,717.39,802.87,Daniel Barenboim
e1b5ca78_part01,e1b5ca78_part01.wav,Beethoven: Piano Sonata No.18 in E-flat Major “The Hunt” movement 2,https://www.youtube.com/watch?v=P-Q5aBAw-T4,512.5,663.78,Daniel Barenboim
e1b5ca78_part02,e1b5ca78_part02.wav,Beethoven: Piano Sonata No.18 in E-flat Major “The Hunt” movement 2,https://www.youtube.com/watch?v=P-Q5aBAw-T4,663.78,717.39,Daniel Barenboim
bc4233ab_part01,bc4233ab_part01.wav,Beethoven: Piano Sonata No.18 in E-flat Major “The Hunt” movement 3,https://www.youtube.com/watch?v=P-Q5aBAw-T4,802.87,878.42,Daniel Barenboim
bc4233ab_part02,bc4233ab_part02.wav,Beethoven: Piano Sonata No.18 in E-flat Major “The Hunt” movement 3,https://www.youtube.com/watch?v=P-Q5aBAw-T4,878.42,969.75,Daniel Barenboim
d0afa005_part01,d0afa005_part01.wav,Beethoven: Piano Sonata No.8 in C minor “Pathetique” movement 1,https://www.youtube.com/watch?v=XuldgIR02dY,0.0,119.07,Daniel Barenboim
bc4233ab_part03,bc4233ab_part03.wav,Beethoven: Piano Sonata No.18 in E-flat Major “The Hunt” movement 3,https://www.youtube.com/watch?v=P-Q5aBAw-T4,969.75,1064.87,Daniel Barenboim
4deca1f5_part02,4deca1f5_part02.wav,Beethoven: Piano Sonata No.18 in E-flat Major “The Hunt” movement 4,https://www.youtube.com/watch?v=P-Q5aBAw-T4,1168.87,1223.09,Daniel Barenboim
d0afa005_part02,d0afa005_part02.wav,Beethoven: Piano Sonata No.8 in C minor “Pathetique” movement 1,https://www.youtube.com/watch?v=XuldgIR02dY,119.07,317.33,Daniel Barenboim
4deca1f5_part01,4deca1f5_part01.wav,Beethoven: Piano Sonata No.18 in E-flat Major “The Hunt” movement 4,https://www.youtube.com/watch?v=P-Q5aBAw-T4,1064.87,1168.87,Daniel Barenboim
4deca1f5_part03,4deca1f5_part03.wav,Beethoven: Piano Sonata No.18 in E-flat Major “The Hunt” movement 4,https://www.youtube.com/watch?v=P-Q5aBAw-T4,1223.09,1333.66,Daniel Barenboim
d0afa005_part03,d0afa005_part03.wav,Beethoven: Piano Sonata No.8 in C minor “Pathetique” movement 1,https://www.youtube.com/watch?v=XuldgIR02dY,317.33,408.04,Daniel Barenboim
d0afa005_part04,d0afa005_part04.wav,Beethoven: Piano Sonata No.8 in C minor “Pathetique” movement 1,https://www.youtube.com/watch?v=XuldgIR02dY,408.04,557.94,Daniel Barenboim
f12c66e7_part01,f12c66e7_part01.wav,Beethoven: Piano Sonata No.8 in C minor “Pathetique” movement 2,https://www.youtube.com/watch?v=XuldgIR02dY,557.94,722.28,Daniel Barenboim
8c4188a1_part01,8c4188a1_part01.wav,"Prelude No.16 in G minor, BWV 861",https://www.youtube.com/watch?v=WH9rTP_PxUE,3.02,146.79,Sviatoslav Richter
f12c66e7_part02,f12c66e7_part02.wav,Beethoven: Piano Sonata No.8 in C minor “Pathetique” movement 2,https://www.youtube.com/watch?v=XuldgIR02dY,722.28,788.68,Daniel Barenboim
f12c66e7_part03,f12c66e7_part03.wav,Beethoven: Piano Sonata No.8 in C minor “Pathetique” movement 2,https://www.youtube.com/watch?v=XuldgIR02dY,788.68,899.94,Daniel Barenboim
f44b256a_part02,f44b256a_part02.wav,Beethoven: Piano Sonata No.8 in C minor “Pathetique” movement 3,https://www.youtube.com/watch?v=XuldgIR02dY,1001.49,1057.17,Daniel Barenboim
7b9a9c66_part01,7b9a9c66_part01.wav,"Fugue No.16 in G minor, BWV 861",https://www.youtube.com/watch?v=WH9rTP_PxUE,146.79,244.66,András Schiff
f44b256a_part01,f44b256a_part01.wav,Beethoven: Piano Sonata No.8 in C minor “Pathetique” movement 3,https://www.youtube.com/watch?v=XuldgIR02dY,899.94,1001.49,Daniel Barenboim
bc7bf0c6_part03,bc7bf0c6_part03.wav,Beethoven: Piano Sonata No.20 G Major movement 1,https://www.youtube.com/watch?v=TqUZ0IjRkvM,216.66,272.32,Daniel Barenboim
c1b478a7_part02,c1b478a7_part02.wav,Beethoven: Piano Sonata No.20 G Major movement 2,https://www.youtube.com/watch?v=TqUZ0IjRkvM,392.69,425.36,Daniel Barenboim
bc7bf0c6_part02,bc7bf0c6_part02.wav,Beethoven: Piano Sonata No.20 G Major movement 1,https://www.youtube.com/watch?v=TqUZ0IjRkvM,162.83,216.66,Daniel Barenboim
c1b478a7_part03,c1b478a7_part03.wav,Beethoven: Piano Sonata No.20 G Major movement 2,https://www.youtube.com/watch?v=TqUZ0IjRkvM,425.36,487.95,Daniel Barenboim
c1b478a7_part01,c1b478a7_part01.wav,Beethoven: Piano Sonata No.20 G Major movement 2,https://www.youtube.com/watch?v=TqUZ0IjRkvM,272.32,392.69,Daniel Barenboim
bc7bf0c6_part01,bc7bf0c6_part01.wav,Beethoven: Piano Sonata No.20 G Major movement 1,https://www.youtube.com/watch?v=TqUZ0IjRkvM,5.07,162.83,Daniel Barenboim
f44b256a_part03,f44b256a_part03.wav,Beethoven: Piano Sonata No.8 in C minor “Pathetique” movement 3,https://www.youtube.com/watch?v=XuldgIR02dY,1057.17,1183.86,Daniel Barenboim
a9679d87_part02,a9679d87_part02.wav,"Mozart Piano Sonata No.2 in F major, K.280 movement 1",https://www.youtube.com/watch?v=tAKX32eBdjQ,176.05,217.36,Daniel Barenboim
a9679d87_part01,a9679d87_part01.wav,"Mozart Piano Sonata No.2 in F major, K.280 movement 1",https://www.youtube.com/watch?v=tAKX32eBdjQ,0.0,176.05,Daniel Barenboim
f4d11d47_part01,f4d11d47_part01.wav,"Mozart Piano Sonata No.2 in F major, K.280 movement 3",https://www.youtube.com/watch?v=tAKX32eBdjQ,1045.77,1149.09,Daniel Barenboim
287ead74_part02,287ead74_part02.wav,"Mozart Piano Sonata No.2 in F major, K.280 movement 2",https://www.youtube.com/watch?v=tAKX32eBdjQ,690.58,730.51,Daniel Barenboim
287ead74_part03,287ead74_part03.wav,"Mozart Piano Sonata No.2 in F major, K.280 movement 2",https://www.youtube.com/watch?v=tAKX32eBdjQ,730.51,1045.77,Daniel Barenboim
a9679d87_part03,a9679d87_part03.wav,"Mozart Piano Sonata No.2 in F major, K.280 movement 1",https://www.youtube.com/watch?v=tAKX32eBdjQ,217.36,453.26,Daniel Barenboim
287ead74_part01,287ead74_part01.wav,"Mozart Piano Sonata No.2 in F major, K.280 movement 2",https://www.youtube.com/watch?v=tAKX32eBdjQ,453.26,690.58,Daniel Barenboim
f4d11d47_part02,f4d11d47_part02.wav,"Mozart Piano Sonata No.2 in F major, K.280 movement 3",https://www.youtube.com/watch?v=tAKX32eBdjQ,1149.09,1168.29,Daniel Barenboim
f4d11d47_part03,f4d11d47_part03.wav,"Mozart Piano Sonata No.2 in F major, K.280 movement 3",https://www.youtube.com/watch?v=tAKX32eBdjQ,1168.29,1308.44,Daniel Barenboim
3f925401_part02,3f925401_part02.wav,Beethoven: Piano Sonata No.1 in F minor movement 2,https://www.youtube.com/watch?v=9oIdtq9E2ZU,346.41,417.14,Daniel Barenboim
bd4c4218_part02,bd4c4218_part02.wav,Beethoven: Piano Sonata No.1 in F minor movement 1,https://www.youtube.com/watch?v=9oIdtq9E2ZU,133.64,187.29,Daniel Barenboim
bd4c4218_part03,bd4c4218_part03.wav,Beethoven: Piano Sonata No.1 in F minor movement 1,https://www.youtube.com/watch?v=9oIdtq9E2ZU,187.29,252.05,Daniel Barenboim
3f925401_part01,3f925401_part01.wav,Beethoven: Piano Sonata No.1 in F minor movement 2,https://www.youtube.com/watch?v=9oIdtq9E2ZU,252.05,346.41,Daniel Barenboim
bd4c4218_part01,bd4c4218_part01.wav,Beethoven: Piano Sonata No.1 in F minor movement 1,https://www.youtube.com/watch?v=9oIdtq9E2ZU,24.56,133.64,Daniel Barenboim
3f925401_part03,3f925401_part03.wav,Beethoven: Piano Sonata No.1 in F minor movement 2,https://www.youtube.com/watch?v=9oIdtq9E2ZU,417.14,503.65,Daniel Barenboim
3f925401_part04,3f925401_part04.wav,Beethoven: Piano Sonata No.1 in F minor movement 2,https://www.youtube.com/watch?v=9oIdtq9E2ZU,503.65,590.15,Daniel Barenboim
2fadad41_part01,2fadad41_part01.wav,Beethoven: Piano Sonata No.1 in F minor movement 3,https://www.youtube.com/watch?v=9oIdtq9E2ZU,590.15,694.98,Daniel Barenboim
2fadad41_part02,2fadad41_part02.wav,Beethoven: Piano Sonata No.1 in F minor movement 3,https://www.youtube.com/watch?v=9oIdtq9E2ZU,694.98,768.36,Daniel Barenboim
2fadad41_part03,2fadad41_part03.wav,Beethoven: Piano Sonata No.1 in F minor movement 3,https://www.youtube.com/watch?v=9oIdtq9E2ZU,768.36,821.05,Daniel Barenboim
3543bb64_part02,3543bb64_part02.wav,Beethoven: Piano Sonata No.1 in F minor movement 4,https://www.youtube.com/watch?v=9oIdtq9E2ZU,954.22,1059.41,Daniel Barenboim
3543bb64_part01,3543bb64_part01.wav,Beethoven: Piano Sonata No.1 in F minor movement 4,https://www.youtube.com/watch?v=9oIdtq9E2ZU,821.05,954.22,Daniel Barenboim
3543bb64_part03,3543bb64_part03.wav,Beethoven: Piano Sonata No.1 in F minor movement 4,https://www.youtube.com/watch?v=9oIdtq9E2ZU,1059.41,1139.74,Daniel Barenboim
296b332f_part01,296b332f_part01.wav,Beethoven: Piano Sonata No.10 in G major movement 1,https://www.youtube.com/watch?v=25BCBH9tNaw,13.28,214.97,Daniel Barenboim
296b332f_part02,296b332f_part02.wav,Beethoven: Piano Sonata No.10 in G major movement 1,https://www.youtube.com/watch?v=25BCBH9tNaw,214.97,314.67,Daniel Barenboim
296b332f_part03,296b332f_part03.wav,Beethoven: Piano Sonata No.10 in G major movement 1,https://www.youtube.com/watch?v=25BCBH9tNaw,314.67,441.28,Daniel Barenboim
cd6930ec_part02,cd6930ec_part02.wav,Beethoven: Piano Sonata No.10 in G major movement 2,https://www.youtube.com/watch?v=25BCBH9tNaw,537.22,615.71,Daniel Barenboim
cd6930ec_part04,cd6930ec_part04.wav,Beethoven: Piano Sonata No.10 in G major movement 2,https://www.youtube.com/watch?v=25BCBH9tNaw,702.39,746.6,Daniel Barenboim
cd6930ec_part01,cd6930ec_part01.wav,Beethoven: Piano Sonata No.10 in G major movement 2,https://www.youtube.com/watch?v=25BCBH9tNaw,441.28,537.22,Daniel Barenboim
cd6930ec_part03,cd6930ec_part03.wav,Beethoven: Piano Sonata No.10 in G major movement 2,https://www.youtube.com/watch?v=25BCBH9tNaw,615.71,702.39,Daniel Barenboim
cd6930ec_part05,cd6930ec_part05.wav,Beethoven: Piano Sonata No.10 in G major movement 2,https://www.youtube.com/watch?v=25BCBH9tNaw,746.6,767.81,Daniel Barenboim
6a8ffba7_part01,6a8ffba7_part01.wav,"Mozart Piano Sonata No.16 in C major, K.545 movement 2",https://www.youtube.com/watch?v=1vDxlnJVvW8,180.31,274.29,Daniel Barenboim
183a6769_part02,183a6769_part02.wav,"Mozart Piano Sonata No.16 in C major, K.545 movement 1",https://www.youtube.com/watch?v=1vDxlnJVvW8,101.86,123.11,Daniel Barenboim
183a6769_part03,183a6769_part03.wav,"Mozart Piano Sonata No.16 in C major, K.545 movement 1",https://www.youtube.com/watch?v=1vDxlnJVvW8,123.11,178.87,Daniel Barenboim
183a6769_part01,183a6769_part01.wav,"Mozart Piano Sonata No.16 in C major, K.545 movement 1",https://www.youtube.com/watch?v=1vDxlnJVvW8,8.02,101.86,Daniel Barenboim
8c52335a_part01,8c52335a_part01.wav,Beethoven: Piano Sonata No.10 in G major movement 3,https://www.youtube.com/watch?v=25BCBH9tNaw,767.81,827.42,Daniel Barenboim
8c52335a_part02,8c52335a_part02.wav,Beethoven: Piano Sonata No.10 in G major movement 3,https://www.youtube.com/watch?v=25BCBH9tNaw,827.42,878.25,Daniel Barenboim
8c52335a_part03,8c52335a_part03.wav,Beethoven: Piano Sonata No.10 in G major movement 3,https://www.youtube.com/watch?v=25BCBH9tNaw,878.25,968.6,Daniel Barenboim
6a8ffba7_part02,6a8ffba7_part02.wav,"Mozart Piano Sonata No.16 in C major, K.545 movement 2",https://www.youtube.com/watch?v=1vDxlnJVvW8,274.29,323.4,Daniel Barenboim
2b0fc1e0_part02,2b0fc1e0_part02.wav,"Mozart Piano Sonata No.16 in C major, K.545 movement 3",https://www.youtube.com/watch?v=1vDxlnJVvW8,442.71,468.99,Daniel Barenboim
2b0fc1e0_part01,2b0fc1e0_part01.wav,"Mozart Piano Sonata No.16 in C major, K.545 movement 3",https://www.youtube.com/watch?v=1vDxlnJVvW8,404.19,442.71,Daniel Barenboim
6a8ffba7_part03,6a8ffba7_part03.wav,"Mozart Piano Sonata No.16 in C major, K.545 movement 2",https://www.youtube.com/watch?v=1vDxlnJVvW8,323.4,404.19,Daniel Barenboim
2b0fc1e0_part03,2b0fc1e0_part03.wav,"Mozart Piano Sonata No.16 in C major, K.545 movement 3",https://www.youtube.com/watch?v=1vDxlnJVvW8,468.99,493.02,Daniel Barenboim
a3a07035_part01,a3a07035_part01.wav,"Prelude No.14 in F♯ minor, BWV 859",https://www.youtube.com/watch?v=KRTkJIVoOTo,0.0,51.86,Sviatoslav Richter
516520e8_part01,516520e8_part01.wav,"Prelude No.6 in D minor, BWV 875",https://www.youtube.com/watch?v=LOi79V31DmE,0.0,82.34,Yunchan Lim
230d5de5_part01,230d5de5_part01.wav,"Fugue No.15 in G major, BWV 884",https://www.youtube.com/watch?v=KpME9gNIbFs,161.4,234.9,András Schiff
d0341f4c_part01,d0341f4c_part01.wav,"Fugue No.14 in F♯ minor, BWV 859",https://www.youtube.com/watch?v=KRTkJIVoOTo,51.86,267.28,András Schiff
0518ea96_part01,0518ea96_part01.wav,"Prelude No.9 in E major, BWV 854",https://www.youtube.com/watch?v=lIOSCe6dbnQ,0.0,84.7,Artur Schnabel
86fd6119_part01,86fd6119_part01.wav,"Fugue No.6 in D minor, BWV 875",https://www.youtube.com/watch?v=LOi79V31DmE,82.34,183.87,Sviatoslav Richter
a7394e67_part01,a7394e67_part01.wav,"Fugue No.9 in E major, BWV 854",https://www.youtube.com/watch?v=lIOSCe6dbnQ,84.7,149.36,Artur Schnabel
4b8743bc_part01,4b8743bc_part01.wav,"Prelude No.15 in G major, BWV 884",https://www.youtube.com/watch?v=KpME9gNIbFs,0.0,161.4,András Schiff
23915fdb_part01,23915fdb_part01.wav,"Prelude No.21 in B♭ major, BWV 866",https://www.youtube.com/watch?v=Y9KHhjUwG14,4.99,83.01,András Schiff
379e739a_part01,379e739a_part01.wav,"Fugue No.21 in B♭ major, BWV 866",https://www.youtube.com/watch?v=Y9KHhjUwG14,83.01,184.56,András Schiff
58039a89_part01,58039a89_part01.wav,"Prelude No.11 in F major, BWV 880",https://www.youtube.com/watch?v=CsmhVGubN28,0.0,193.08,Daniel Barenboim
dbb08aac_part01,dbb08aac_part01.wav,"Fugue No.11 in F major, BWV 880",https://www.youtube.com/watch?v=CsmhVGubN28,193.08,296.33,Daniel Barenboim
20781830_part01,20781830_part01.wav,"Prelude No.7 in E♭ major, BWV 876",https://www.youtube.com/watch?v=9PbTlNqE9_M,0.0,110.57,Krystian Zimerman
f595b93b_part04,f595b93b_part04.wav,Ballade No.2 in F major Op.38,https://www.youtube.com/watch?v=Wslm1ZL9EI8,354.22,433.38,Seong-Jin Cho
f595b93b_part02,f595b93b_part02.wav,Ballade No.2 in F major Op.38,https://www.youtube.com/watch?v=Wslm1ZL9EI8,126.65,184.2,Seong-Jin Cho
f595b93b_part01,f595b93b_part01.wav,Ballade No.2 in F major Op.38,https://www.youtube.com/watch?v=Wslm1ZL9EI8,0.0,126.65,Seong-Jin Cho
6e324583_part01,6e324583_part01.wav,"Fugue No.7 in E♭ major, BWV 876",https://www.youtube.com/watch?v=9PbTlNqE9_M,110.57,229.98,Krystian Zimerman
f595b93b_part03,f595b93b_part03.wav,Ballade No.2 in F major Op.38,https://www.youtube.com/watch?v=Wslm1ZL9EI8,184.2,354.22,Seong-Jin Cho
8d8809c1_part02,8d8809c1_part02.wav,"Mozart Piano Sonata No.4 in E-flat major, K.282 movement 3",https://www.youtube.com/watch?v=7eoOuMV1CW0,637.9,655.31,Daniel Barenboim
8d8809c1_part01,8d8809c1_part01.wav,"Mozart Piano Sonata No.4 in E-flat major, K.282 movement 3",https://www.youtube.com/watch?v=7eoOuMV1CW0,571.64,637.9,Daniel Barenboim
78b45488_part01,78b45488_part01.wav,"Mozart Piano Sonata No.4 in E-flat major, K.282 movement 2",https://www.youtube.com/watch?v=7eoOuMV1CW0,336.5,421.1,Daniel Barenboim
78b45488_part03,78b45488_part03.wav,"Mozart Piano Sonata No.4 in E-flat major, K.282 movement 2",https://www.youtube.com/watch?v=7eoOuMV1CW0,527.42,571.64,Daniel Barenboim
78b45488_part02,78b45488_part02.wav,"Mozart Piano Sonata No.4 in E-flat major, K.282 movement 2",https://www.youtube.com/watch?v=7eoOuMV1CW0,421.1,527.42,Daniel Barenboim
986ad9e2_part02,986ad9e2_part02.wav,"Mozart Piano Sonata No.4 in E-flat major, K.282 movement 1",https://www.youtube.com/watch?v=7eoOuMV1CW0,197.2,336.5,Daniel Barenboim
986ad9e2_part01,986ad9e2_part01.wav,"Mozart Piano Sonata No.4 in E-flat major, K.282 movement 1",https://www.youtube.com/watch?v=7eoOuMV1CW0,0.0,197.2,Daniel Barenboim
c4b50f99_part01,c4b50f99_part01.wav,"Fugue No.2 in C minor, BWV 871",https://www.youtube.com/watch?v=nTY1tN7aoCw,141.89,273.29,Evgeny Kissin
8d8809c1_part03,8d8809c1_part03.wav,"Mozart Piano Sonata No.4 in E-flat major, K.282 movement 3",https://www.youtube.com/watch?v=7eoOuMV1CW0,655.31,694.94,Daniel Barenboim
ceadcc11_part01,ceadcc11_part01.wav,"Prelude No.2 in C minor, BWV 871",https://www.youtube.com/watch?v=nTY1tN7aoCw,0.0,141.89,Evgeny Kissin
e9da5f51_part02,e9da5f51_part02.wav,"Mozart Piano Sonata No.3 in B-flat major, K.281 movement 2",https://www.youtube.com/watch?v=-7djCPtIM-U,441.96,467.49,Daniel Barenboim
c1c2732e_part02,c1c2732e_part02.wav,"Mozart Piano Sonata No.3 in B-flat major, K.281 movement 1",https://www.youtube.com/watch?v=-7djCPtIM-U,141.27,191.73,Daniel Barenboim
e9da5f51_part03,e9da5f51_part03.wav,"Mozart Piano Sonata No.3 in B-flat major, K.281 movement 2",https://www.youtube.com/watch?v=-7djCPtIM-U,467.49,559.77,Daniel Barenboim
c1c2732e_part03,c1c2732e_part03.wav,"Mozart Piano Sonata No.3 in B-flat major, K.281 movement 1",https://www.youtube.com/watch?v=-7djCPtIM-U,191.73,266.0,Daniel Barenboim
3521f45d_part01,3521f45d_part01.wav,"Mozart Piano Sonata No.3 in B-flat major, K.281 movement 3",https://www.youtube.com/watch?v=-7djCPtIM-U,559.77,640.54,Daniel Barenboim
e9da5f51_part01,e9da5f51_part01.wav,"Mozart Piano Sonata No.3 in B-flat major, K.281 movement 2",https://www.youtube.com/watch?v=-7djCPtIM-U,266.0,441.96,Daniel Barenboim
c1c2732e_part01,c1c2732e_part01.wav,"Mozart Piano Sonata No.3 in B-flat major, K.281 movement 1",https://www.youtube.com/watch?v=-7djCPtIM-U,0.0,141.27,Daniel Barenboim
3521f45d_part02,3521f45d_part02.wav,"Mozart Piano Sonata No.3 in B-flat major, K.281 movement 3",https://www.youtube.com/watch?v=-7djCPtIM-U,640.54,696.05,Daniel Barenboim
3521f45d_part03,3521f45d_part03.wav,"Mozart Piano Sonata No.3 in B-flat major, K.281 movement 3",https://www.youtube.com/watch?v=-7djCPtIM-U,696.05,832.61,Daniel Barenboim
7f6ee4d7_part01,7f6ee4d7_part01.wav,Beethoven: Piano Sonata No.25 in G Major movement 2,https://www.youtube.com/watch?v=IYmA7_AgB8E,292.99,333.23,Daniel Barenboim
7f6ee4d7_part02,7f6ee4d7_part02.wav,Beethoven: Piano Sonata No.25 in G Major movement 2,https://www.youtube.com/watch?v=IYmA7_AgB8E,333.23,389.73,Daniel Barenboim
19f84123_part02,19f84123_part02.wav,Beethoven: Piano Sonata No.25 in G Major movement 1,https://www.youtube.com/watch?v=IYmA7_AgB8E,84.39,139.9,Daniel Barenboim
19f84123_part01,19f84123_part01.wav,Beethoven: Piano Sonata No.25 in G Major movement 1,https://www.youtube.com/watch?v=IYmA7_AgB8E,10.98,84.39,Daniel Barenboim
19f84123_part03,19f84123_part03.wav,Beethoven: Piano Sonata No.25 in G Major movement 1,https://www.youtube.com/watch?v=IYmA7_AgB8E,139.9,292.99,Daniel Barenboim
8d553850_part01,8d553850_part01.wav,"Prelude No.3 in C# major, BWV 848",https://www.youtube.com/watch?v=aRs-nC_Ta5s,21.52,100.37,Daniel Barenboim
4453f04c_part01,4453f04c_part01.wav,Beethoven: Piano Sonata No.25 in G Major movement 3,https://www.youtube.com/watch?v=IYmA7_AgB8E,457.88,522.63,Daniel Barenboim
7f6ee4d7_part03,7f6ee4d7_part03.wav,Beethoven: Piano Sonata No.25 in G Major movement 2,https://www.youtube.com/watch?v=IYmA7_AgB8E,389.73,457.88,Daniel Barenboim
4453f04c_part02,4453f04c_part02.wav,Beethoven: Piano Sonata No.25 in G Major movement 3,https://www.youtube.com/watch?v=IYmA7_AgB8E,522.63,542.1,Daniel Barenboim
4453f04c_part03,4453f04c_part03.wav,Beethoven: Piano Sonata No.25 in G Major movement 3,https://www.youtube.com/watch?v=IYmA7_AgB8E,542.1,585.41,Daniel Barenboim
2b7e9992_part01,2b7e9992_part01.wav,"Prelude No.14 in F♯ minor, BWV 883",https://www.youtube.com/watch?v=BnyhftLpmOM,0.0,191.58,Sviatoslav Richter
80671bd0_part01,80671bd0_part01.wav,"Fugue No.14 in F♯ minor, BWV 883",https://www.youtube.com/watch?v=BnyhftLpmOM,191.58,409.02,András Schiff
9a02844d_part01,9a02844d_part01.wav,"Fugue No.3 in C# major, BWV 848",https://www.youtube.com/watch?v=aRs-nC_Ta5s,100.37,242.13,Daniel Barenboim
e368e541_part01,e368e541_part01.wav,"Fugue in No.1 C major, BWV 870",https://www.youtube.com/watch?v=8BhkzI2rnOw,154.16,245.95,Daniel Barenboim
9e8f8ca1_part01,9e8f8ca1_part01.wav,"Prelude in No.1 C major, BWV 870",https://www.youtube.com/watch?v=8BhkzI2rnOw,8.27,154.16,Daniel Barenboim
09e284f4_part03,09e284f4_part03.wav,Scherzo No.2 in Bb minor Op.31,https://www.youtube.com/watch?v=OCUSalQf-jY,465.12,609.16,Seong-Jin Cho
09e284f4_part01,09e284f4_part01.wav,Scherzo No.2 in Bb minor Op.31,https://www.youtube.com/watch?v=OCUSalQf-jY,0.0,176.18,Seong-Jin Cho
09e284f4_part02,09e284f4_part02.wav,Scherzo No.2 in Bb minor Op.31,https://www.youtube.com/watch?v=OCUSalQf-jY,176.18,465.12,Seong-Jin Cho
8708bf8b_part01,8708bf8b_part01.wav,Beethoven: Piano Sonata No.14 in C# Minor “Moonlight” movement 2,https://www.youtube.com/watch?v=r4v_XP0BTdU,377.26,430.92,Daniel Barenboim
e70d3cea_part02,e70d3cea_part02.wav,Beethoven: Piano Sonata No.14 in C# Minor “Moonlight” movement 1,https://www.youtube.com/watch?v=r4v_XP0BTdU,117.58,221.56,Daniel Barenboim
e70d3cea_part01,e70d3cea_part01.wav,Beethoven: Piano Sonata No.14 in C# Minor “Moonlight” movement 1,https://www.youtube.com/watch?v=r4v_XP0BTdU,0.0,117.58,Daniel Barenboim
e70d3cea_part03,e70d3cea_part03.wav,Beethoven: Piano Sonata No.14 in C# Minor “Moonlight” movement 1,https://www.youtube.com/watch?v=r4v_XP0BTdU,221.56,377.26,Daniel Barenboim
8708bf8b_part02,8708bf8b_part02.wav,Beethoven: Piano Sonata No.14 in C# Minor “Moonlight” movement 2,https://www.youtube.com/watch?v=r4v_XP0BTdU,430.92,474.0,Daniel Barenboim
8708bf8b_part03,8708bf8b_part03.wav,Beethoven: Piano Sonata No.14 in C# Minor “Moonlight” movement 2,https://www.youtube.com/watch?v=r4v_XP0BTdU,474.0,510.7,Daniel Barenboim
5da976cb_part01,5da976cb_part01.wav,Beethoven: Piano Sonata No.14 in C# Minor “Moonlight” movement 3,https://www.youtube.com/watch?v=r4v_XP0BTdU,510.7,698.08,Daniel Barenboim
5da976cb_part02,5da976cb_part02.wav,Beethoven: Piano Sonata No.14 in C# Minor “Moonlight” movement 3,https://www.youtube.com/watch?v=r4v_XP0BTdU,698.08,762.86,Daniel Barenboim
5da976cb_part03,5da976cb_part03.wav,Beethoven: Piano Sonata No.14 in C# Minor “Moonlight” movement 3,https://www.youtube.com/watch?v=r4v_XP0BTdU,762.86,938.14,Daniel Barenboim
4de59cb1_part01,4de59cb1_part01.wav,"Mozart Piano Sonata No.14 in C minor, K.457 movement 2",https://www.youtube.com/watch?v=gA8m1QPv1yQ,512.45,579.4,Evgeny Kissin
d36c1c73_part02,d36c1c73_part02.wav,"Mozart Piano Sonata No.14 in C minor, K.457 movement 1",https://www.youtube.com/watch?v=gA8m1QPv1yQ,212.65,250.32,Evgeny Kissin
d36c1c73_part01,d36c1c73_part01.wav,"Mozart Piano Sonata No.14 in C minor, K.457 movement 1",https://www.youtube.com/watch?v=gA8m1QPv1yQ,0.0,212.65,Evgeny Kissin
4de59cb1_part02,4de59cb1_part02.wav,"Mozart Piano Sonata No.14 in C minor, K.457 movement 2",https://www.youtube.com/watch?v=gA8m1QPv1yQ,579.4,879.22,Evgeny Kissin
2b18cdc2_part01,2b18cdc2_part01.wav,"Mozart Piano Sonata No.14 in C minor, K.457 movement 3",https://www.youtube.com/watch?v=gA8m1QPv1yQ,1055.78,1173.41,Evgeny Kissin
d36c1c73_part03,d36c1c73_part03.wav,"Mozart Piano Sonata No.14 in C minor, K.457 movement 1",https://www.youtube.com/watch?v=gA8m1QPv1yQ,250.32,512.45,Evgeny Kissin
4de59cb1_part03,4de59cb1_part03.wav,"Mozart Piano Sonata No.14 in C minor, K.457 movement 2",https://www.youtube.com/watch?v=gA8m1QPv1yQ,879.22,1055.78,Evgeny Kissin
2b18cdc2_part02,2b18cdc2_part02.wav,"Mozart Piano Sonata No.14 in C minor, K.457 movement 3",https://www.youtube.com/watch?v=gA8m1QPv1yQ,1173.41,1192.69,Evgeny Kissin
2b18cdc2_part03,2b18cdc2_part03.wav,"Mozart Piano Sonata No.14 in C minor, K.457 movement 3",https://www.youtube.com/watch?v=gA8m1QPv1yQ,1192.69,1325.94,Evgeny Kissin
7e8c8648_part01,7e8c8648_part01.wav,"Mozart Piano Sonata No.10 in C major, K.330 movement 1",https://www.youtube.com/watch?v=-V4bGocFwnE,0.0,231.98,Daniel Barenboim
7e8c8648_part02,7e8c8648_part02.wav,"Mozart Piano Sonata No.10 in C major, K.330 movement 1",https://www.youtube.com/watch?v=-V4bGocFwnE,231.98,289.75,Daniel Barenboim
7e8c8648_part03,7e8c8648_part03.wav,"Mozart Piano Sonata No.10 in C major, K.330 movement 1",https://www.youtube.com/watch?v=-V4bGocFwnE,289.75,421.44,Daniel Barenboim
aac057a1_part02,aac057a1_part02.wav,"Mozart Piano Sonata No.10 in C major, K.330 movement 2",https://www.youtube.com/watch?v=-V4bGocFwnE,599.79,746.48,Daniel Barenboim
aac057a1_part01,aac057a1_part01.wav,"Mozart Piano Sonata No.10 in C major, K.330 movement 2",https://www.youtube.com/watch?v=-V4bGocFwnE,421.44,599.79,Daniel Barenboim
e37b80f5_part01,e37b80f5_part01.wav,Scherzo No.3 in C# Minor Op.39,https://www.youtube.com/watch?v=a96LHiKOMrc,0.0,163.97,Seong-Jin Cho
e37b80f5_part02,e37b80f5_part02.wav,Scherzo No.3 in C# Minor Op.39,https://www.youtube.com/watch?v=a96LHiKOMrc,163.97,263.76,Seong-Jin Cho
e37b80f5_part03,e37b80f5_part03.wav,Scherzo No.3 in C# Minor Op.39,https://www.youtube.com/watch?v=a96LHiKOMrc,263.76,476.65,Seong-Jin Cho
be4cc8e0_part01,be4cc8e0_part01.wav,"Mozart Piano Sonata No.10 in C major, K.330 movement 3",https://www.youtube.com/watch?v=-V4bGocFwnE,857.94,1049.72,Daniel Barenboim
aac057a1_part03,aac057a1_part03.wav,"Mozart Piano Sonata No.10 in C major, K.330 movement 2",https://www.youtube.com/watch?v=-V4bGocFwnE,746.48,857.94,Daniel Barenboim
be4cc8e0_part02,be4cc8e0_part02.wav,"Mozart Piano Sonata No.10 in C major, K.330 movement 3",https://www.youtube.com/watch?v=-V4bGocFwnE,1049.72,1095.62,Daniel Barenboim
be4cc8e0_part03,be4cc8e0_part03.wav,"Mozart Piano Sonata No.10 in C major, K.330 movement 3",https://www.youtube.com/watch?v=-V4bGocFwnE,1095.62,1207.01,Daniel Barenboim
2944f766_part02,2944f766_part02.wav,"Mozart Piano Sonata No.9 in D major, K.311 movement 1",https://www.youtube.com/watch?v=3mJagcvhDt4,68.25,134.89,Ivan Moravec
2944f766_part01,2944f766_part01.wav,"Mozart Piano Sonata No.9 in D major, K.311 movement 1",https://www.youtube.com/watch?v=3mJagcvhDt4,0.0,68.25,Ivan Moravec
2944f766_part03,2944f766_part03.wav,"Mozart Piano Sonata No.9 in D major, K.311 movement 1",https://www.youtube.com/watch?v=3mJagcvhDt4,134.89,198.18,Ivan Moravec
f0a6bb1f_part02,f0a6bb1f_part02.wav,"Mozart Piano Sonata No.9 in D major, K.311 movement 2",https://www.youtube.com/watch?v=3mJagcvhDt4,364.72,371.99,Ivan Moravec
f0a6bb1f_part01,f0a6bb1f_part01.wav,"Mozart Piano Sonata No.9 in D major, K.311 movement 2",https://www.youtube.com/watch?v=3mJagcvhDt4,202.72,364.72,Ivan Moravec
f0a6bb1f_part03,f0a6bb1f_part03.wav,"Mozart Piano Sonata No.9 in D major, K.311 movement 2",https://www.youtube.com/watch?v=3mJagcvhDt4,371.99,510.85,Ivan Moravec
64753261_part01,64753261_part01.wav,"Mozart Piano Sonata No.9 in D major, K.311 movement 3",https://www.youtube.com/watch?v=3mJagcvhDt4,510.85,649.86,Ivan Moravec
b2d54ac1_part02,b2d54ac1_part02.wav,"Mozart Piano Sonata No.5 in G major, K.283 movement 1",https://www.youtube.com/watch?v=0rnJu1rlm90,141.28,164.6,Daniel Barenboim
1602d228_part01,1602d228_part01.wav,"Mozart Piano Sonata No.5 in G major, K.283 movement 2",https://www.youtube.com/watch?v=0rnJu1rlm90,232.36,353.08,Daniel Barenboim
b2d54ac1_part01,b2d54ac1_part01.wav,"Mozart Piano Sonata No.5 in G major, K.283 movement 1",https://www.youtube.com/watch?v=0rnJu1rlm90,0.0,141.28,Daniel Barenboim
64753261_part02,64753261_part02.wav,"Mozart Piano Sonata No.9 in D major, K.311 movement 3",https://www.youtube.com/watch?v=3mJagcvhDt4,649.86,716.39,Ivan Moravec
b2d54ac1_part03,b2d54ac1_part03.wav,"Mozart Piano Sonata No.5 in G major, K.283 movement 1",https://www.youtube.com/watch?v=0rnJu1rlm90,164.6,232.36,Daniel Barenboim
64753261_part03,64753261_part03.wav,"Mozart Piano Sonata No.9 in D major, K.311 movement 3",https://www.youtube.com/watch?v=3mJagcvhDt4,716.39,856.48,Ivan Moravec
1602d228_part02,1602d228_part02.wav,"Mozart Piano Sonata No.5 in G major, K.283 movement 2",https://www.youtube.com/watch?v=0rnJu1rlm90,353.08,393.64,Daniel Barenboim
1602d228_part03,1602d228_part03.wav,"Mozart Piano Sonata No.5 in G major, K.283 movement 2",https://www.youtube.com/watch?v=0rnJu1rlm90,393.64,473.02,Daniel Barenboim
3babd363_part03,3babd363_part03.wav,"Mozart Piano Sonata No.5 in G major, K.283 movement 3",https://www.youtube.com/watch?v=0rnJu1rlm90,646.34,715.23,Daniel Barenboim
3babd363_part01,3babd363_part01.wav,"Mozart Piano Sonata No.5 in G major, K.283 movement 3",https://www.youtube.com/watch?v=0rnJu1rlm90,473.02,603.12,Daniel Barenboim
3babd363_part02,3babd363_part02.wav,"Mozart Piano Sonata No.5 in G major, K.283 movement 3",https://www.youtube.com/watch?v=0rnJu1rlm90,603.12,646.34,Daniel Barenboim
9db9f2af_part01,9db9f2af_part01.wav,"Fugue No.21 in B♭ major, BWV 890",https://www.youtube.com/watch?v=9U0OgPsBc30,467.79,627.36,András Schiff
8671789a_part01,8671789a_part01.wav,"Prelude No.21 in B♭ major, BWV 890",https://www.youtube.com/watch?v=9U0OgPsBc30,0.0,467.79,András Schiff
6992df6c_part01,6992df6c_part01.wav,Beethoven: Piano Sonata No.31 in Ab Major movement 1,https://www.youtube.com/watch?v=8duMwTZ8yUg,8.3,138.96,Daniel Barenboim
6992df6c_part02,6992df6c_part02.wav,Beethoven: Piano Sonata No.31 in Ab Major movement 1,https://www.youtube.com/watch?v=8duMwTZ8yUg,138.96,194.5,Daniel Barenboim
29e46e12_part02,29e46e12_part02.wav,Beethoven: Piano Sonata No.31 in Ab Major movement 2,https://www.youtube.com/watch?v=8duMwTZ8yUg,437.27,462.37,Daniel Barenboim
29e46e12_part01,29e46e12_part01.wav,Beethoven: Piano Sonata No.31 in Ab Major movement 2,https://www.youtube.com/watch?v=8duMwTZ8yUg,399.21,437.27,Daniel Barenboim
29e46e12_part03,29e46e12_part03.wav,Beethoven: Piano Sonata No.31 in Ab Major movement 2,https://www.youtube.com/watch?v=8duMwTZ8yUg,462.37,524.51,Daniel Barenboim
6992df6c_part03,6992df6c_part03.wav,Beethoven: Piano Sonata No.31 in Ab Major movement 1,https://www.youtube.com/watch?v=8duMwTZ8yUg,194.5,399.21,Daniel Barenboim
4bbf83ce_part01,4bbf83ce_part01.wav,"Prelude No.18 in G♯ minor, BWV 863",https://www.youtube.com/watch?v=bWOOJENiA1U,0.0,82.12,Sviatoslav Richter
0ed939ae_part01,0ed939ae_part01.wav,Beethoven: Piano Sonata No.31 in Ab Major movement 3,https://www.youtube.com/watch?v=8duMwTZ8yUg,524.51,747.41,Daniel Barenboim
ab8cecce_part01,ab8cecce_part01.wav,"Fugue No.18 in G♯ minor, BWV 863",https://www.youtube.com/watch?v=bWOOJENiA1U,82.12,220.28,András Schiff
96b3afe2_part01,96b3afe2_part01.wav,Beethoven: Piano Sonata No.31 in Ab Major movement 4,https://www.youtube.com/watch?v=8duMwTZ8yUg,747.41,1061.58,Daniel Barenboim
96b3afe2_part02,96b3afe2_part02.wav,Beethoven: Piano Sonata No.31 in Ab Major movement 4,https://www.youtube.com/watch?v=8duMwTZ8yUg,1061.58,1095.52,Daniel Barenboim
96b3afe2_part03,96b3afe2_part03.wav,Beethoven: Piano Sonata No.31 in Ab Major movement 4,https://www.youtube.com/watch?v=8duMwTZ8yUg,1095.52,1151.59,Daniel Barenboim
7188041d_part02,7188041d_part02.wav,Beethoven: Piano Sonata No.9 in E major movement 2,https://www.youtube.com/watch?v=jZYE_gl3j7E,516.03,585.67,Daniel Barenboim
d416d4df_part02,d416d4df_part02.wav,Beethoven: Piano Sonata No.9 in E major movement 1,https://www.youtube.com/watch?v=jZYE_gl3j7E,234.78,296.11,Daniel Barenboim
7188041d_part01,7188041d_part01.wav,Beethoven: Piano Sonata No.9 in E major movement 2,https://www.youtube.com/watch?v=jZYE_gl3j7E,425.11,516.03,Daniel Barenboim
d416d4df_part03,d416d4df_part03.wav,Beethoven: Piano Sonata No.9 in E major movement 1,https://www.youtube.com/watch?v=jZYE_gl3j7E,296.11,425.11,Daniel Barenboim
7188041d_part03,7188041d_part03.wav,Beethoven: Piano Sonata No.9 in E major movement 2,https://www.youtube.com/watch?v=jZYE_gl3j7E,585.67,701.01,Daniel Barenboim
d416d4df_part01,d416d4df_part01.wav,Beethoven: Piano Sonata No.9 in E major movement 1,https://www.youtube.com/watch?v=jZYE_gl3j7E,0.0,234.78,Daniel Barenboim
bf40f300_part01,bf40f300_part01.wav,"Prelude No.3 in C♯ major, BWV 872",https://www.youtube.com/watch?v=0BXGsQMPWUw,0.0,108.1,Daniel Barenboim
800f5a5a_part01,800f5a5a_part01.wav,"Prelude No.18 in G♯ minor, BWV 887",https://www.youtube.com/watch?v=GqsCWgm87Tw,0.0,242.99,Sviatoslav Richter
7fba6544_part01,7fba6544_part01.wav,Beethoven: Piano Sonata No.9 in E major movement 3,https://www.youtube.com/watch?v=jZYE_gl3j7E,701.01,775.88,Daniel Barenboim
237d7363_part01,237d7363_part01.wav,"Fugue No.18 in G♯ minor, BWV 887",https://www.youtube.com/watch?v=GqsCWgm87Tw,242.99,452.44,András Schiff
7c7303f2_part01,7c7303f2_part01.wav,"Fugue No.3 in C♯ major, BWV 872",https://www.youtube.com/watch?v=0BXGsQMPWUw,108.1,330.06,Daniel Barenboim
7fba6544_part02,7fba6544_part02.wav,Beethoven: Piano Sonata No.9 in E major movement 3,https://www.youtube.com/watch?v=jZYE_gl3j7E,775.88,826.13,Daniel Barenboim
cd3a1003_part01,cd3a1003_part01.wav,"Prelude No.24 in B minor, BWV 893",https://www.youtube.com/watch?v=bp4Y8buWb3k,0.0,147.03,Sviatoslav Richter
7fba6544_part03,7fba6544_part03.wav,Beethoven: Piano Sonata No.9 in E major movement 3,https://www.youtube.com/watch?v=jZYE_gl3j7E,826.13,909.0,Daniel Barenboim
88d0076a_part01,88d0076a_part01.wav,"Fugue No.24 in B minor, BWV 893",https://www.youtube.com/watch?v=bp4Y8buWb3k,147.03,256.95,András Schiff
5f1d8e46_part01,5f1d8e46_part01.wav,"Prelude No.5 in D major, BWV 850",https://www.youtube.com/watch?v=g3W9BB0FC0c,0.0,68.83,Ivan Moravec
be7d815b_part01,be7d815b_part01.wav,"Fugue No.5 in D major, BWV 850",https://www.youtube.com/watch?v=g3W9BB0FC0c,68.83,183.07,Ivan Moravec
d9aac350_part01,d9aac350_part01.wav,"Prelude No.13 in F♯ major, BWV 882",https://www.youtube.com/watch?v=A871TMyUZMU,0.0,209.92,Wilhelm Kempff
a3d5558d_part01,a3d5558d_part01.wav,"Fugue No.13 in F♯ major, BWV 882",https://www.youtube.com/watch?v=A871TMyUZMU,209.92,364.46,Wilhelm Kempff
24190d0f_part01,24190d0f_part01.wav,"Fugue No.9 in E major, BWV 878",https://www.youtube.com/watch?v=VTrN9mNiF-I,204.22,366.14,Artur Schnabel
0443c92f_part01,0443c92f_part01.wav,"Prelude No.9 in E major, BWV 878",https://www.youtube.com/watch?v=VTrN9mNiF-I,0.0,204.22,Artur Schnabel
1f1d13fe_part01,1f1d13fe_part01.wav,"Fugue No.4 in C♯ minor, BWV 873",https://www.youtube.com/watch?v=5DZuH943ye0,225.25,351.43,Evgeny Kissin
c4946d46_part01,c4946d46_part01.wav,"Prelude No.4 in C♯ minor, BWV 873",https://www.youtube.com/watch?v=5DZuH943ye0,0.0,225.25,Evgeny Kissin
84e1b60c_part01,84e1b60c_part01.wav,"Fugue No.24 in B minor, BWV 869",https://www.youtube.com/watch?v=pSaMSsMukx8,320.52,721.93,András Schiff
6901a7fc_part01,6901a7fc_part01.wav,"Prelude No.24 in B minor, BWV 869",https://www.youtube.com/watch?v=pSaMSsMukx8,0.0,320.52,Sviatoslav Richter
6ce7a2aa_part02,6ce7a2aa_part02.wav,Beethoven Piano Sonata No.5 in C minor movement 2,https://www.youtube.com/watch?v=5ChP0kMe1ig,557.27,563.2,Daniel Barenboim
2d370270_part02,2d370270_part02.wav,Beethoven Piano Sonata No.5 in C minor movement 1,https://www.youtube.com/watch?v=5ChP0kMe1ig,196.22,250.49,Daniel Barenboim
6ce7a2aa_part01,6ce7a2aa_part01.wav,Beethoven Piano Sonata No.5 in C minor movement 2,https://www.youtube.com/watch?v=5ChP0kMe1ig,354.72,557.27,Daniel Barenboim
2d370270_part01,2d370270_part01.wav,Beethoven Piano Sonata No.5 in C minor movement 1,https://www.youtube.com/watch?v=5ChP0kMe1ig,8.09,196.22,Daniel Barenboim
2d370270_part03,2d370270_part03.wav,Beethoven Piano Sonata No.5 in C minor movement 1,https://www.youtube.com/watch?v=5ChP0kMe1ig,250.49,354.72,Daniel Barenboim
7db02206_part01,7db02206_part01.wav,Beethoven Piano Sonata No.5 in C minor movement 3,https://www.youtube.com/watch?v=5ChP0kMe1ig,865.02,992.88,Daniel Barenboim
6ce7a2aa_part03,6ce7a2aa_part03.wav,Beethoven Piano Sonata No.5 in C minor movement 2,https://www.youtube.com/watch?v=5ChP0kMe1ig,563.2,865.02,Daniel Barenboim
f0a4ced6_part01,f0a4ced6_part01.wav,"Fugue No.7 in E♭ major, BWV 852",https://www.youtube.com/watch?v=h3XadvewnHM,220.35,310.53,Krystian Zimerman
c0d79cde_part01,c0d79cde_part01.wav,"Fugue No.12 in F minor, BWV 881",https://www.youtube.com/watch?v=w1tnHi1jvrk,251.45,367.51,András Schiff
f28854e3_part01,f28854e3_part01.wav,"Prelude No.1 in C major, BWV 846",https://www.youtube.com/watch?v=c8rxkDAaaJ0,0.0,119.3,Daniel Barenboim
656fd9ae_part01,656fd9ae_part01.wav,"Prelude No.7 in E♭ major, BWV 852",https://www.youtube.com/watch?v=h3XadvewnHM,0.0,220.35,Krystian Zimerman
5d5d9734_part01,5d5d9734_part01.wav,"Prelude No.12 in F minor, BWV 881",https://www.youtube.com/watch?v=w1tnHi1jvrk,0.0,251.45,Sviatoslav Richter
b9c8ca08_part01,b9c8ca08_part01.wav,"Fugue No.1 in C major, BWV 846",https://www.youtube.com/watch?v=c8rxkDAaaJ0,119.3,271.73,Daniel Barenboim
7db02206_part02,7db02206_part02.wav,Beethoven Piano Sonata No.5 in C minor movement 3,https://www.youtube.com/watch?v=5ChP0kMe1ig,992.88,1014.04,Daniel Barenboim
7db02206_part03,7db02206_part03.wav,Beethoven Piano Sonata No.5 in C minor movement 3,https://www.youtube.com/watch?v=5ChP0kMe1ig,1014.04,1135.65,Daniel Barenboim
000b4cd1_part01,000b4cd1_part01.wav,"Fugue No.17 in A♭ major, BWV 886",https://www.youtube.com/watch?v=NAJa4YCoG0c,245.83,469.89,András Schiff
f9007ca0_part01,f9007ca0_part01.wav,"Prelude No.17 in A♭ major, BWV 886",https://www.youtube.com/watch?v=NAJa4YCoG0c,0.0,245.83,András Schiff
486e5fdf_part01,486e5fdf_part01.wav,Beethoven: Piano Sonata No.12 in A-flat Major movement 1,https://www.youtube.com/watch?v=fCoa7ncGZ6s,14.07,108.28,Daniel Barenboim
486e5fdf_part02,486e5fdf_part02.wav,Beethoven: Piano Sonata No.12 in A-flat Major movement 1,https://www.youtube.com/watch?v=fCoa7ncGZ6s,108.28,190.02,Daniel Barenboim
486e5fdf_part03,486e5fdf_part03.wav,Beethoven: Piano Sonata No.12 in A-flat Major movement 1,https://www.youtube.com/watch?v=fCoa7ncGZ6s,190.02,241.38,Daniel Barenboim
486e5fdf_part04,486e5fdf_part04.wav,Beethoven: Piano Sonata No.12 in A-flat Major movement 1,https://www.youtube.com/watch?v=fCoa7ncGZ6s,241.38,354.07,Daniel Barenboim
486e5fdf_part05,486e5fdf_part05.wav,Beethoven: Piano Sonata No.12 in A-flat Major movement 1,https://www.youtube.com/watch?v=fCoa7ncGZ6s,354.07,421.63,Daniel Barenboim
209a4cc6_part01,209a4cc6_part01.wav,Beethoven: Piano Sonata No.12 in A-flat Major movement 2,https://www.youtube.com/watch?v=fCoa7ncGZ6s,552.92,629.04,Daniel Barenboim
486e5fdf_part06,486e5fdf_part06.wav,Beethoven: Piano Sonata No.12 in A-flat Major movement 1,https://www.youtube.com/watch?v=fCoa7ncGZ6s,421.63,552.92,Daniel Barenboim
209a4cc6_part02,209a4cc6_part02.wav,Beethoven: Piano Sonata No.12 in A-flat Major movement 2,https://www.youtube.com/watch?v=fCoa7ncGZ6s,629.04,669.29,Daniel Barenboim
209a4cc6_part03,209a4cc6_part03.wav,Beethoven: Piano Sonata No.12 in A-flat Major movement 2,https://www.youtube.com/watch?v=fCoa7ncGZ6s,669.29,715.46,Daniel Barenboim
55a7eb44_part01,55a7eb44_part01.wav,Beethoven: Piano Sonata No.12 in A-flat Major movement 4,https://www.youtube.com/watch?v=fCoa7ncGZ6s,1107.43,1187.79,Daniel Barenboim
93d660e1_part02,93d660e1_part02.wav,Beethoven: Piano Sonata No.12 in A-flat Major movement 3,https://www.youtube.com/watch?v=fCoa7ncGZ6s,856.54,925.02,Daniel Barenboim
93d660e1_part01,93d660e1_part01.wav,Beethoven: Piano Sonata No.12 in A-flat Major movement 3,https://www.youtube.com/watch?v=fCoa7ncGZ6s,715.46,856.54,Daniel Barenboim
93d660e1_part03,93d660e1_part03.wav,Beethoven: Piano Sonata No.12 in A-flat Major movement 3,https://www.youtube.com/watch?v=fCoa7ncGZ6s,925.02,1107.43,Daniel Barenboim
55a7eb44_part02,55a7eb44_part02.wav,Beethoven: Piano Sonata No.12 in A-flat Major movement 4,https://www.youtube.com/watch?v=fCoa7ncGZ6s,1187.79,1215.9,Daniel Barenboim
55a7eb44_part03,55a7eb44_part03.wav,Beethoven: Piano Sonata No.12 in A-flat Major movement 4,https://www.youtube.com/watch?v=fCoa7ncGZ6s,1215.9,1283.75,Daniel Barenboim
d0f5fc82_part01,d0f5fc82_part01.wav,"Mozart Piano Sonata No.12 in F major, K.332 movement 1",https://www.youtube.com/watch?v=DK_owDX5WOE,0.0,256.17,Daniel Barenboim
d0f5fc82_part02,d0f5fc82_part02.wav,"Mozart Piano Sonata No.12 in F major, K.332 movement 1",https://www.youtube.com/watch?v=DK_owDX5WOE,256.17,310.62,Daniel Barenboim
2b9540c0_part01,2b9540c0_part01.wav,"Mozart Piano Sonata No.12 in F major, K.332 movement 2",https://www.youtube.com/watch?v=DK_owDX5WOE,633.9,799.98,Daniel Barenboim
afb71f78_part01,afb71f78_part01.wav,"Mozart Piano Sonata No.12 in F major, K.332 movement 3",https://www.youtube.com/watch?v=DK_owDX5WOE,976.04,1207.48,Daniel Barenboim
2b9540c0_part02,2b9540c0_part02.wav,"Mozart Piano Sonata No.12 in F major, K.332 movement 2",https://www.youtube.com/watch?v=DK_owDX5WOE,799.98,976.04,Daniel Barenboim
d0f5fc82_part03,d0f5fc82_part03.wav,"Mozart Piano Sonata No.12 in F major, K.332 movement 1",https://www.youtube.com/watch?v=DK_owDX5WOE,310.62,633.9,Daniel Barenboim
afb71f78_part02,afb71f78_part02.wav,"Mozart Piano Sonata No.12 in F major, K.332 movement 3",https://www.youtube.com/watch?v=DK_owDX5WOE,1207.48,1277.49,Daniel Barenboim
afb71f78_part03,afb71f78_part03.wav,"Mozart Piano Sonata No.12 in F major, K.332 movement 3",https://www.youtube.com/watch?v=DK_owDX5WOE,1277.49,1608.49,Daniel Barenboim
170345c7_part01,170345c7_part01.wav,Beethoven: Piano Sonata No.3 in C major movement 1,https://www.youtube.com/watch?v=QaBrjn3Nn6M,0.0,319.16,Daniel Barenboim
170345c7_part02,170345c7_part02.wav,Beethoven: Piano Sonata No.3 in C major movement 1,https://www.youtube.com/watch?v=QaBrjn3Nn6M,319.16,407.86,Daniel Barenboim
170345c7_part03,170345c7_part03.wav,Beethoven: Piano Sonata No.3 in C major movement 1,https://www.youtube.com/watch?v=QaBrjn3Nn6M,407.86,647.06,Daniel Barenboim
3f8a4d9c_part01,3f8a4d9c_part01.wav,Beethoven: Piano Sonata No.3 in C major movement 3,https://www.youtube.com/watch?v=QaBrjn3Nn6M,1119.07,1202.8,Daniel Barenboim
ce65a6f6_part01,ce65a6f6_part01.wav,Beethoven: Piano Sonata No.3 in C major movement 2,https://www.youtube.com/watch?v=QaBrjn3Nn6M,647.06,937.14,Daniel Barenboim
ce65a6f6_part02,ce65a6f6_part02.wav,Beethoven: Piano Sonata No.3 in C major movement 2,https://www.youtube.com/watch?v=QaBrjn3Nn6M,937.14,1119.07,Daniel Barenboim
3f8a4d9c_part02,3f8a4d9c_part02.wav,Beethoven: Piano Sonata No.3 in C major movement 3,https://www.youtube.com/watch?v=QaBrjn3Nn6M,1202.8,1239.46,Daniel Barenboim
0427ce5d_part01,0427ce5d_part01.wav,Ballade No.3 in Ab Major Op.47,https://www.youtube.com/watch?v=BkPLDoZXlHQ,0.0,125.15,Seong-Jin Cho
0427ce5d_part02,0427ce5d_part02.wav,Ballade No.3 in Ab Major Op.47,https://www.youtube.com/watch?v=BkPLDoZXlHQ,125.15,232.08,Seong-Jin Cho
3f8a4d9c_part03,3f8a4d9c_part03.wav,Beethoven: Piano Sonata No.3 in C major movement 3,https://www.youtube.com/watch?v=QaBrjn3Nn6M,1239.46,1298.04,Daniel Barenboim
0427ce5d_part03,0427ce5d_part03.wav,Ballade No.3 in Ab Major Op.47,https://www.youtube.com/watch?v=BkPLDoZXlHQ,232.08,277.12,Seong-Jin Cho
0427ce5d_part05,0427ce5d_part05.wav,Ballade No.3 in Ab Major Op.47,https://www.youtube.com/watch?v=BkPLDoZXlHQ,378.47,422.5,Seong-Jin Cho
0c1015aa_part01,0c1015aa_part01.wav,Beethoven: Piano Sonata No.3 in C major movement 4,https://www.youtube.com/watch?v=QaBrjn3Nn6M,1298.04,1374.29,Daniel Barenboim
0427ce5d_part04,0427ce5d_part04.wav,Ballade No.3 in Ab Major Op.47,https://www.youtube.com/watch?v=BkPLDoZXlHQ,277.12,378.47,Seong-Jin Cho
374309d7_part01,374309d7_part01.wav,"Prelude No.23 in B major, BWV 868",https://www.youtube.com/watch?v=s6MrMIfkjeU,0.0,51.75,András Schiff
75f74ed0_part01,75f74ed0_part01.wav,"Fugue No.23 in B major, BWV 868",https://www.youtube.com/watch?v=s6MrMIfkjeU,51.75,206.69,András Schiff
e296c8ef_part01,e296c8ef_part01.wav,"Prelude No.2 in C minor, BWV 847",https://www.youtube.com/watch?v=I1MFOgx1NYY,0.0,78.13,Evgeny Kissin
0c1015aa_part02,0c1015aa_part02.wav,Beethoven: Piano Sonata No.3 in C major movement 4,https://www.youtube.com/watch?v=QaBrjn3Nn6M,1374.29,1477.85,Daniel Barenboim
4677b757_part01,4677b757_part01.wav,"Fugue No.2 in C minor, BWV 847",https://www.youtube.com/watch?v=I1MFOgx1NYY,78.13,180.09,Evgeny Kissin
6fd4b756_part01,6fd4b756_part01.wav,"Prelude No.17 in A♭ major, BWV 862",https://www.youtube.com/watch?v=kAjlRCwVcPM,0.0,70.9,András Schiff
0d8cf301_part01,0d8cf301_part01.wav,"Fugue No.17 in A♭ major, BWV 862",https://www.youtube.com/watch?v=kAjlRCwVcPM,70.9,248.36,András Schiff
0c1015aa_part03,0c1015aa_part03.wav,Beethoven: Piano Sonata No.3 in C major movement 4,https://www.youtube.com/watch?v=QaBrjn3Nn6M,1477.85,1607.55,Daniel Barenboim
f9b6d87f_part01,f9b6d87f_part01.wav,"Fugue No.19 in A major, BWV 888",https://www.youtube.com/watch?v=7GG2Q-zfQV4,144.8,226.87,András Schiff
7d626122_part01,7d626122_part01.wav,"Prelude No.19 in A major, BWV 888",https://www.youtube.com/watch?v=7GG2Q-zfQV4,0.0,144.8,András Schiff
79cb6cd6_part01,79cb6cd6_part01.wav,"Fugue No.22 in B♭ minor, BWV 891",https://www.youtube.com/watch?v=eSgUO2GMzP4,205.58,465.29,András Schiff
854d3b5d_part01,854d3b5d_part01.wav,"Prelude No.22 in B♭ minor, BWV 891",https://www.youtube.com/watch?v=eSgUO2GMzP4,0.0,205.58,Sviatoslav Richter
df86b6fa_part01,df86b6fa_part01.wav,"Mozart Piano Sonata No.18 in D major, K.576 movement 1",https://www.youtube.com/watch?v=TfCzqcW0LqE,9.27,151.91,Ivan Moravec
a7de9ae2_part01,a7de9ae2_part01.wav,Prelude No.8 in E♭ minor BWV 853,https://www.youtube.com/watch?v=gXnRl6VHzjI,0.0,264.69,Anastasia Huppmann
21581a1e_part01,21581a1e_part01.wav,"Fugue No.8 in D♯ minor, BWV 853",https://www.youtube.com/watch?v=gXnRl6VHzjI,264.69,652.69,András Schiff
df86b6fa_part02,df86b6fa_part02.wav,"Mozart Piano Sonata No.18 in D major, K.576 movement 1",https://www.youtube.com/watch?v=TfCzqcW0LqE,151.91,197.34,Ivan Moravec
2d0588cd_part02,2d0588cd_part02.wav,"Mozart Piano Sonata No.18 in D major, K.576 movement 2",https://www.youtube.com/watch?v=TfCzqcW0LqE,356.23,471.37,Ivan Moravec
2d0588cd_part01,2d0588cd_part01.wav,"Mozart Piano Sonata No.18 in D major, K.576 movement 2",https://www.youtube.com/watch?v=TfCzqcW0LqE,281.3,356.23,Ivan Moravec
df86b6fa_part03,df86b6fa_part03.wav,"Mozart Piano Sonata No.18 in D major, K.576 movement 1",https://www.youtube.com/watch?v=TfCzqcW0LqE,197.34,278.15,Ivan Moravec
14bd133d_part01,14bd133d_part01.wav,"Prelude No.6 in D minor, BWV 851",https://www.youtube.com/watch?v=uB4in7eMv1A,0.0,86.41,Yunchan Lim
5831e634_part01,5831e634_part01.wav,"Fugue No.6 in D minor, BWV 851",https://www.youtube.com/watch?v=uB4in7eMv1A,86.41,241.77,Sviatoslav Richter
9c32e799_part01,9c32e799_part01.wav,"Mozart Piano Sonata No.18 in D major, K.576 movement 3",https://www.youtube.com/watch?v=TfCzqcW0LqE,591.78,679.07,Ivan Moravec
2d0588cd_part03,2d0588cd_part03.wav,"Mozart Piano Sonata No.18 in D major, K.576 movement 2",https://www.youtube.com/watch?v=TfCzqcW0LqE,471.37,591.78,Ivan Moravec
9c32e799_part02,9c32e799_part02.wav,"Mozart Piano Sonata No.18 in D major, K.576 movement 3",https://www.youtube.com/watch?v=TfCzqcW0LqE,679.07,748.08,Ivan Moravec
9c32e799_part03,9c32e799_part03.wav,"Mozart Piano Sonata No.18 in D major, K.576 movement 3",https://www.youtube.com/watch?v=TfCzqcW0LqE,748.08,849.19,Ivan Moravec
c3f71ffa_part01,c3f71ffa_part01.wav,"Mozart Piano Sonata No.8 in A minor, K.310 movement 1",https://www.youtube.com/watch?v=bZZqSZqJz4Y,0.0,195.7,Evgeny Kissin
b050cff9_part01,b050cff9_part01.wav,"Mozart Piano Sonata No.8 in A minor, K.310 movement 2",https://www.youtube.com/watch?v=bZZqSZqJz4Y,522.73,693.04,Evgeny Kissin
c3f71ffa_part02,c3f71ffa_part02.wav,"Mozart Piano Sonata No.8 in A minor, K.310 movement 1",https://www.youtube.com/watch?v=bZZqSZqJz4Y,195.7,251.75,Evgeny Kissin
3ff9911b_part01,3ff9911b_part01.wav,"Mozart Piano Sonata No.8 in A minor, K.310 movement 3",https://www.youtube.com/watch?v=bZZqSZqJz4Y,987.61,1069.07,Evgeny Kissin
b050cff9_part02,b050cff9_part02.wav,"Mozart Piano Sonata No.8 in A minor, K.310 movement 2",https://www.youtube.com/watch?v=bZZqSZqJz4Y,693.04,802.09,Evgeny Kissin
c3f71ffa_part03,c3f71ffa_part03.wav,"Mozart Piano Sonata No.8 in A minor, K.310 movement 1",https://www.youtube.com/watch?v=bZZqSZqJz4Y,251.75,516.84,Evgeny Kissin
b050cff9_part03,b050cff9_part03.wav,"Mozart Piano Sonata No.8 in A minor, K.310 movement 2",https://www.youtube.com/watch?v=bZZqSZqJz4Y,802.09,987.61,Evgeny Kissin
3ff9911b_part02,3ff9911b_part02.wav,"Mozart Piano Sonata No.8 in A minor, K.310 movement 3",https://www.youtube.com/watch?v=bZZqSZqJz4Y,1069.07,1110.03,Evgeny Kissin
1fe6b45f_part01,1fe6b45f_part01.wav,"Fugue No.20 in A minor, BWV 889",https://www.youtube.com/watch?v=aPSCHZnjw2k,274.17,365.83,András Schiff
507c31d0_part01,507c31d0_part01.wav,"Prelude No.20 in A minor, BWV 889",https://www.youtube.com/watch?v=aPSCHZnjw2k,0.0,274.17,Sviatoslav Richter
3ff9911b_part03,3ff9911b_part03.wav,"Mozart Piano Sonata No.8 in A minor, K.310 movement 3",https://www.youtube.com/watch?v=bZZqSZqJz4Y,1110.03,1156.97,Evgeny Kissin
461c50e4_part02,461c50e4_part02.wav,Beethoven: Piano Sonata No.7 in D major movement 2,https://www.youtube.com/watch?v=iFEjn4dIo68,666.51,760.14,Daniel Barenboim
99e966b3_part02,99e966b3_part02.wav,Beethoven: Piano Sonata No.7 in D major movement 1,https://www.youtube.com/watch?v=iFEjn4dIo68,236.85,289.82,Daniel Barenboim
7438b08e_part01,7438b08e_part01.wav,Beethoven: Piano Sonata No.7 in D major movement 3,https://www.youtube.com/watch?v=iFEjn4dIo68,1091.35,1187.31,Krystian Zimerman
99e966b3_part03,99e966b3_part03.wav,Beethoven: Piano Sonata No.7 in D major movement 1,https://www.youtube.com/watch?v=iFEjn4dIo68,289.82,439.91,Daniel Barenboim
461c50e4_part03,461c50e4_part03.wav,Beethoven: Piano Sonata No.7 in D major movement 2,https://www.youtube.com/watch?v=iFEjn4dIo68,760.14,1091.35,Daniel Barenboim
461c50e4_part01,461c50e4_part01.wav,Beethoven: Piano Sonata No.7 in D major movement 2,https://www.youtube.com/watch?v=iFEjn4dIo68,444.19,666.51,Daniel Barenboim
99e966b3_part01,99e966b3_part01.wav,Beethoven: Piano Sonata No.7 in D major movement 1,https://www.youtube.com/watch?v=iFEjn4dIo68,0.0,236.85,Daniel Barenboim
b6a40b1e_part01,b6a40b1e_part01.wav,"Prelude No.20 in A minor, BWV 865",https://www.youtube.com/watch?v=DrsRlrNpa3g,0.0,55.02,Sviatoslav Richter
dd143a2d_part01,dd143a2d_part01.wav,"Fugue No.20 in A minor, BWV 865",https://www.youtube.com/watch?v=DrsRlrNpa3g,55.02,304.77,András Schiff
fa26728a_part01,fa26728a_part01.wav,"Prelude No.5 in D major, BWV 874",https://www.youtube.com/watch?v=SetCgFxf29M,0.0,167.24,Ivan Moravec
bad690a5_part01,bad690a5_part01.wav,"Fugue No.5 in D major, BWV 874",https://www.youtube.com/watch?v=SetCgFxf29M,167.24,352.41,Ivan Moravec
7438b08e_part02,7438b08e_part02.wav,Beethoven: Piano Sonata No.7 in D major movement 3,https://www.youtube.com/watch?v=iFEjn4dIo68,1187.31,1215.54,Krystian Zimerman
cf85c56e_part02,cf85c56e_part02.wav,Beethoven: Piano Sonata No.7 in D major movement 4,https://www.youtube.com/watch?v=iFEjn4dIo68,1336.64,1382.22,Krystian Zimerman
cf85c56e_part01,cf85c56e_part01.wav,Beethoven: Piano Sonata No.7 in D major movement 4,https://www.youtube.com/watch?v=iFEjn4dIo68,1266.57,1336.64,Krystian Zimerman
7438b08e_part03,7438b08e_part03.wav,Beethoven: Piano Sonata No.7 in D major movement 3,https://www.youtube.com/watch?v=iFEjn4dIo68,1215.54,1266.57,Krystian Zimerman
28049496_part01,28049496_part01.wav,"Prelude No.8 in D♯ minor, BWV 877",https://www.youtube.com/watch?v=E1l9bZjKqtA,0.0,145.94,Sviatoslav Richter
c0a62d20_part01,c0a62d20_part01.wav,"Prelude No.15 in G major, BWV 860",https://www.youtube.com/watch?v=CciyAJfWuME,0.0,48.46,András Schiff
04af4940_part01,04af4940_part01.wav,"Fugue No.15 in G major, BWV 860",https://www.youtube.com/watch?v=CciyAJfWuME,48.46,193.8,András Schiff
9acfd207_part01,9acfd207_part01.wav,"Fugue No.8 in D♯ minor, BWV 877",https://www.youtube.com/watch?v=E1l9bZjKqtA,145.94,401.98,András Schiff
cf85c56e_part03,cf85c56e_part03.wav,Beethoven: Piano Sonata No.7 in D major movement 4,https://www.youtube.com/watch?v=iFEjn4dIo68,1382.22,1507.39,Krystian Zimerman
8d539736_part01,8d539736_part01.wav,"Prelude No.22 in B♭ minor, BWV 867",https://www.youtube.com/watch?v=rbcYLQZouiM,0.0,162.62,Sviatoslav Richter
5d1a08dd_part01,5d1a08dd_part01.wav,"Fugue No.22 in B♭ minor, BWV 867",https://www.youtube.com/watch?v=rbcYLQZouiM,162.62,320.92,András Schiff
cd792352_part04,cd792352_part04.wav,Beethoven: Piano Sonata No.23 in F minor “Appassionata” movement 2,https://www.youtube.com/watch?v=E5JObP74jcw,816.11,879.7,Daniel Barenboim
cd792352_part01,cd792352_part01.wav,Beethoven: Piano Sonata No.23 in F minor “Appassionata” movement 2,https://www.youtube.com/watch?v=E5JObP74jcw,575.2,675.22,Daniel Barenboim
cd792352_part03,cd792352_part03.wav,Beethoven: Piano Sonata No.23 in F minor “Appassionata” movement 2,https://www.youtube.com/watch?v=E5JObP74jcw,748.19,816.11,Daniel Barenboim
cd792352_part02,cd792352_part02.wav,Beethoven: Piano Sonata No.23 in F minor “Appassionata” movement 2,https://www.youtube.com/watch?v=E5JObP74jcw,675.22,748.19,Daniel Barenboim
80ed72fa_part02,80ed72fa_part02.wav,Beethoven: Piano Sonata No.23 in F minor “Appassionata” movement 1,https://www.youtube.com/watch?v=E5JObP74jcw,148.4,294.57,Daniel Barenboim
80ed72fa_part01,80ed72fa_part01.wav,Beethoven: Piano Sonata No.23 in F minor “Appassionata” movement 1,https://www.youtube.com/watch?v=E5JObP74jcw,0.0,148.4,Daniel Barenboim
80ed72fa_part03,80ed72fa_part03.wav,Beethoven: Piano Sonata No.23 in F minor “Appassionata” movement 1,https://www.youtube.com/watch?v=E5JObP74jcw,294.57,575.2,Daniel Barenboim
cd792352_part05,cd792352_part05.wav,Beethoven: Piano Sonata No.23 in F minor “Appassionata” movement 2,https://www.youtube.com/watch?v=E5JObP74jcw,879.7,933.8,Daniel Barenboim
bab8e4c0_part02,bab8e4c0_part02.wav,Beethoven: Piano Sonata No.23 in F minor “Appassionata” movement 3,https://www.youtube.com/watch?v=E5JObP74jcw,1023.12,1100.77,Daniel Barenboim
bab8e4c0_part01,bab8e4c0_part01.wav,Beethoven: Piano Sonata No.23 in F minor “Appassionata” movement 3,https://www.youtube.com/watch?v=E5JObP74jcw,933.8,1023.12,Daniel Barenboim
b26c8b3f_part02,b26c8b3f_part02.wav,"Mozart Piano Sonata No.17 in B-flat major, K.570 movement 1",https://www.youtube.com/watch?v=6wiQE4LS9No,215.28,287.64,Daniel Barenboim
b26c8b3f_part03,b26c8b3f_part03.wav,"Mozart Piano Sonata No.17 in B-flat major, K.570 movement 1",https://www.youtube.com/watch?v=6wiQE4LS9No,287.64,392.61,Daniel Barenboim
bab8e4c0_part03,bab8e4c0_part03.wav,Beethoven: Piano Sonata No.23 in F minor “Appassionata” movement 3,https://www.youtube.com/watch?v=E5JObP74jcw,1100.77,1370.0,Daniel Barenboim
b26c8b3f_part01,b26c8b3f_part01.wav,"Mozart Piano Sonata No.17 in B-flat major, K.570 movement 1",https://www.youtube.com/watch?v=6wiQE4LS9No,0.0,215.28,Daniel Barenboim
0b1732a0_part01,0b1732a0_part01.wav,"Prelude No.12 in F minor, BWV 857",https://www.youtube.com/watch?v=j0UVzQaMxOE,22.47,176.13,Sviatoslav Richter
1a5de18b_part01,1a5de18b_part01.wav,Scherzo No.1 in B Minor Op.20,https://www.youtube.com/watch?v=38VShqkukWY,0.0,256.2,Seong-Jin Cho
ec56b010_part01,ec56b010_part01.wav,"Fugue No.12 in F minor, BWV 857",https://www.youtube.com/watch?v=j0UVzQaMxOE,176.1,371.2,András Schiff
30e83c76_part01,30e83c76_part01.wav,"Mozart Piano Sonata No.17 in B-flat major, K.570 movement 3",https://www.youtube.com/watch?v=6wiQE4LS9No,893.25,934.14,Daniel Barenboim
1a5de18b_part02,1a5de18b_part02.wav,Scherzo No.1 in B Minor Op.20,https://www.youtube.com/watch?v=38VShqkukWY,256.2,476.23,Seong-Jin Cho
30e83c76_part02,30e83c76_part02.wav,"Mozart Piano Sonata No.17 in B-flat major, K.570 movement 3",https://www.youtube.com/watch?v=6wiQE4LS9No,934.14,1133.31,Daniel Barenboim
2f2b0442_part01,2f2b0442_part01.wav,"Mozart Piano Sonata No.17 in B-flat major, K.570 movement 2",https://www.youtube.com/watch?v=6wiQE4LS9No,392.61,893.25,Daniel Barenboim
1a5de18b_part03,1a5de18b_part03.wav,Scherzo No.1 in B Minor Op.20,https://www.youtube.com/watch?v=38VShqkukWY,476.23,627.15,Seong-Jin Cho
4c102f74_part04,4c102f74_part04.wav,Schubert: Piano Sonata in A major D.664 movement 1,https://www.youtube.com/watch?v=HsMHHlDYlMM,639.38,669.6,Daniel Barenboim
13caea4f_part02,13caea4f_part02.wav,Schubert: Piano Sonata in A major D.664 movement 2,https://www.youtube.com/watch?v=HsMHHlDYlMM,776.12,824.15,Daniel Barenboim
4c102f74_part02,4c102f74_part02.wav,Schubert: Piano Sonata in A major D.664 movement 1,https://www.youtube.com/watch?v=HsMHHlDYlMM,234.83,318.6,Daniel Barenboim
13caea4f_part01,13caea4f_part01.wav,Schubert: Piano Sonata in A major D.664 movement 2,https://www.youtube.com/watch?v=HsMHHlDYlMM,669.6,776.12,Daniel Barenboim
13caea4f_part03,13caea4f_part03.wav,Schubert: Piano Sonata in A major D.664 movement 2,https://www.youtube.com/watch?v=HsMHHlDYlMM,824.15,921.74,Daniel Barenboim
4c102f74_part01,4c102f74_part01.wav,Schubert: Piano Sonata in A major D.664 movement 1,https://www.youtube.com/watch?v=HsMHHlDYlMM,0.0,234.83,Daniel Barenboim
4c102f74_part03,4c102f74_part03.wav,Schubert: Piano Sonata in A major D.664 movement 1,https://www.youtube.com/watch?v=HsMHHlDYlMM,318.6,639.38,Daniel Barenboim
ffa43274_part04,ffa43274_part04.wav,Schubert: Piano Sonata in A major D.664 movement 3,https://www.youtube.com/watch?v=HsMHHlDYlMM,1391.19,1421.12,Daniel Barenboim
ffa43274_part02,ffa43274_part02.wav,Schubert: Piano Sonata in A major D.664 movement 3,https://www.youtube.com/watch?v=HsMHHlDYlMM,1194.81,1245.4,Daniel Barenboim
ffa43274_part01,ffa43274_part01.wav,Schubert: Piano Sonata in A major D.664 movement 3,https://www.youtube.com/watch?v=HsMHHlDYlMM,921.74,1194.81,Daniel Barenboim
ffa43274_part03,ffa43274_part03.wav,Schubert: Piano Sonata in A major D.664 movement 3,https://www.youtube.com/watch?v=HsMHHlDYlMM,1245.4,1391.19,Daniel Barenboim
ab2d2411_part03,ab2d2411_part03.wav,Beethoven Piano Sonata No.29 in B-flat Major “Hammerklavier” movement 2,https://www.youtube.com/watch?v=7U0eISeT92k,636.26,697.54,Daniel Barenboim
ab2d2411_part01,ab2d2411_part01.wav,Beethoven Piano Sonata No.29 in B-flat Major “Hammerklavier” movement 2,https://www.youtube.com/watch?v=7U0eISeT92k,535.25,579.78,Daniel Barenboim
23652c33_part02,23652c33_part02.wav,Beethoven Piano Sonata No.29 in B-flat Major “Hammerklavier” movement 1,https://www.youtube.com/watch?v=7U0eISeT92k,260.4,362.76,Daniel Barenboim
ab2d2411_part02,ab2d2411_part02.wav,Beethoven Piano Sonata No.29 in B-flat Major “Hammerklavier” movement 2,https://www.youtube.com/watch?v=7U0eISeT92k,579.78,636.26,Daniel Barenboim
23652c33_part01,23652c33_part01.wav,Beethoven Piano Sonata No.29 in B-flat Major “Hammerklavier” movement 1,https://www.youtube.com/watch?v=7U0eISeT92k,0.0,260.4,Daniel Barenboim
23652c33_part03,23652c33_part03.wav,Beethoven Piano Sonata No.29 in B-flat Major “Hammerklavier” movement 1,https://www.youtube.com/watch?v=7U0eISeT92k,362.76,535.25,Daniel Barenboim
df386d41_part01,df386d41_part01.wav,Beethoven Piano Sonata No.29 in B-flat Major “Hammerklavier” movement 3,https://www.youtube.com/watch?v=7U0eISeT92k,697.54,1059.21,Daniel Barenboim
1c2a3e8e_part01,1c2a3e8e_part01.wav,Beethoven: Piano Sonata No.2 in A major movement 1,https://www.youtube.com/watch?v=TWzMlIh5Xnk,4.18,231.49,Daniel Barenboim
1c2a3e8e_part02,1c2a3e8e_part02.wav,Beethoven: Piano Sonata No.2 in A major movement 1,https://www.youtube.com/watch?v=TWzMlIh5Xnk,231.49,339.34,Daniel Barenboim
9a4c00a0_part01,9a4c00a0_part01.wav,Beethoven Piano Sonata No.29 in B-flat Major “Hammerklavier” movement 4,https://www.youtube.com/watch?v=7U0eISeT92k,1781.9,1858.6,Daniel Barenboim
df386d41_part02,df386d41_part02.wav,Beethoven Piano Sonata No.29 in B-flat Major “Hammerklavier” movement 3,https://www.youtube.com/watch?v=7U0eISeT92k,1059.21,1100.49,Daniel Barenboim
9a4c00a0_part02,9a4c00a0_part02.wav,Beethoven Piano Sonata No.29 in B-flat Major “Hammerklavier” movement 4,https://www.youtube.com/watch?v=7U0eISeT92k,1858.6,2034.38,Daniel Barenboim
1c2a3e8e_part03,1c2a3e8e_part03.wav,Beethoven: Piano Sonata No.2 in A major movement 1,https://www.youtube.com/watch?v=TWzMlIh5Xnk,339.34,446.85,Daniel Barenboim
9a4c00a0_part03,9a4c00a0_part03.wav,Beethoven Piano Sonata No.29 in B-flat Major “Hammerklavier” movement 4,https://www.youtube.com/watch?v=7U0eISeT92k,2034.38,2156.64,Daniel Barenboim
9a4c00a0_part04,9a4c00a0_part04.wav,Beethoven Piano Sonata No.29 in B-flat Major “Hammerklavier” movement 4,https://www.youtube.com/watch?v=7U0eISeT92k,2156.64,2452.45,Daniel Barenboim
df386d41_part03,df386d41_part03.wav,Beethoven Piano Sonata No.29 in B-flat Major “Hammerklavier” movement 3,https://www.youtube.com/watch?v=7U0eISeT92k,1100.49,1781.9,Daniel Barenboim
bc45ed1f_part01,bc45ed1f_part01.wav,Beethoven: Piano Sonata No.2 in A major movement 2,https://www.youtube.com/watch?v=TWzMlIh5Xnk,446.85,563.23,Krystian Zimerman
bc45ed1f_part02,bc45ed1f_part02.wav,Beethoven: Piano Sonata No.2 in A major movement 2,https://www.youtube.com/watch?v=TWzMlIh5Xnk,563.23,631.78,Krystian Zimerman
9b2a38b1_part02,9b2a38b1_part02.wav,Beethoven: Piano Sonata No.2 in A major movement 3,https://www.youtube.com/watch?v=TWzMlIh5Xnk,995.26,1042.4,Krystian Zimerman
9b2a38b1_part01,9b2a38b1_part01.wav,Beethoven: Piano Sonata No.2 in A major movement 3,https://www.youtube.com/watch?v=TWzMlIh5Xnk,894.93,995.26,Krystian Zimerman
bc45ed1f_part03,bc45ed1f_part03.wav,Beethoven: Piano Sonata No.2 in A major movement 2,https://www.youtube.com/watch?v=TWzMlIh5Xnk,631.78,894.93,Krystian Zimerman
9b2a38b1_part03,9b2a38b1_part03.wav,Beethoven: Piano Sonata No.2 in A major movement 3,https://www.youtube.com/watch?v=TWzMlIh5Xnk,1042.4,1096.52,Krystian Zimerman
474dab59_part01,474dab59_part01.wav,Beethoven: Piano Sonata No.2 in A major movement 4,https://www.youtube.com/watch?v=TWzMlIh5Xnk,1096.52,1206.66,Daniel Barenboim
474dab59_part02,474dab59_part02.wav,Beethoven: Piano Sonata No.2 in A major movement 4,https://www.youtube.com/watch?v=TWzMlIh5Xnk,1206.66,1309.86,Daniel Barenboim
474dab59_part03,474dab59_part03.wav,Beethoven: Piano Sonata No.2 in A major movement 4,https://www.youtube.com/watch?v=TWzMlIh5Xnk,1309.86,1494.6,Daniel Barenboim
effad53e_part02,effad53e_part02.wav,Beethoven: Piano Sonata No.11 in B-flat Major movement 1,https://www.youtube.com/watch?v=NKlWQmZOqhE,245.91,341.56,Daniel Barenboim
852fa693_part02,852fa693_part02.wav,Beethoven: Piano Sonata No.11 in B-flat Major movement 2,https://www.youtube.com/watch?v=NKlWQmZOqhE,696.87,758.07,Daniel Barenboim
852fa693_part01,852fa693_part01.wav,Beethoven: Piano Sonata No.11 in B-flat Major movement 2,https://www.youtube.com/watch?v=NKlWQmZOqhE,465.72,696.87,Daniel Barenboim
effad53e_part03,effad53e_part03.wav,Beethoven: Piano Sonata No.11 in B-flat Major movement 1,https://www.youtube.com/watch?v=NKlWQmZOqhE,341.56,465.72,Daniel Barenboim
effad53e_part01,effad53e_part01.wav,Beethoven: Piano Sonata No.11 in B-flat Major movement 1,https://www.youtube.com/watch?v=NKlWQmZOqhE,15.15,245.91,Daniel Barenboim
f56dc789_part01,f56dc789_part01.wav,Beethoven: Piano Sonata No.11 in B-flat Major movement 3,https://www.youtube.com/watch?v=NKlWQmZOqhE,1030.99,1140.64,Daniel Barenboim
852fa693_part03,852fa693_part03.wav,Beethoven: Piano Sonata No.11 in B-flat Major movement 2,https://www.youtube.com/watch?v=NKlWQmZOqhE,758.07,1030.99,Daniel Barenboim
f56dc789_part02,f56dc789_part02.wav,Beethoven: Piano Sonata No.11 in B-flat Major movement 3,https://www.youtube.com/watch?v=NKlWQmZOqhE,1140.64,1184.21,Daniel Barenboim
b32443c5_part01,b32443c5_part01.wav,Beethoven: Piano Sonata No.13 in E-flat Major movement 1,https://www.youtube.com/watch?v=IyIihEoeyW8,0.0,156.33,Daniel Barenboim
b32443c5_part02,b32443c5_part02.wav,Beethoven: Piano Sonata No.13 in E-flat Major movement 1,https://www.youtube.com/watch?v=IyIihEoeyW8,156.33,203.45,Daniel Barenboim
f56dc789_part03,f56dc789_part03.wav,Beethoven: Piano Sonata No.11 in B-flat Major movement 3,https://www.youtube.com/watch?v=NKlWQmZOqhE,1184.21,1242.65,Daniel Barenboim
c95b87a1_part01,c95b87a1_part01.wav,Beethoven: Piano Sonata No.11 in B-flat Major movement 4,https://www.youtube.com/watch?v=NKlWQmZOqhE,1242.65,1370.48,Daniel Barenboim
c95b87a1_part02,c95b87a1_part02.wav,Beethoven: Piano Sonata No.11 in B-flat Major movement 4,https://www.youtube.com/watch?v=NKlWQmZOqhE,1370.48,1454.8,Daniel Barenboim
c95b87a1_part03,c95b87a1_part03.wav,Beethoven: Piano Sonata No.11 in B-flat Major movement 4,https://www.youtube.com/watch?v=NKlWQmZOqhE,1454.8,1632.73,Daniel Barenboim
9a315485_part01,9a315485_part01.wav,Beethoven: Piano Sonata No.13 in E-flat Major movement 2,https://www.youtube.com/watch?v=IyIihEoeyW8,284.24,335.51,Daniel Barenboim
9a315485_part02,9a315485_part02.wav,Beethoven: Piano Sonata No.13 in E-flat Major movement 2,https://www.youtube.com/watch?v=IyIihEoeyW8,335.51,381.41,Daniel Barenboim
b32443c5_part03,b32443c5_part03.wav,Beethoven: Piano Sonata No.13 in E-flat Major movement 1,https://www.youtube.com/watch?v=IyIihEoeyW8,203.45,284.24,Daniel Barenboim
9a315485_part03,9a315485_part03.wav,Beethoven: Piano Sonata No.13 in E-flat Major movement 2,https://www.youtube.com/watch?v=IyIihEoeyW8,381.41,421.85,Daniel Barenboim
d11cd736_part01,d11cd736_part01.wav,Beethoven: Piano Sonata No.13 in E-flat Major movement 3,https://www.youtube.com/watch?v=IyIihEoeyW8,421.85,470.55,Daniel Barenboim
d11cd736_part02,d11cd736_part02.wav,Beethoven: Piano Sonata No.13 in E-flat Major movement 3,https://www.youtube.com/watch?v=IyIihEoeyW8,470.55,521.68,Daniel Barenboim
d11cd736_part03,d11cd736_part03.wav,Beethoven: Piano Sonata No.13 in E-flat Major movement 3,https://www.youtube.com/watch?v=IyIihEoeyW8,521.68,598.89,Daniel Barenboim
ae3b271c_part01,ae3b271c_part01.wav,Beethoven: Piano Sonata No.13 in E-flat Major movement 4,https://www.youtube.com/watch?v=IyIihEoeyW8,598.89,702.91,Daniel Barenboim
ae3b271c_part02,ae3b271c_part02.wav,Beethoven: Piano Sonata No.13 in E-flat Major movement 4,https://www.youtube.com/watch?v=IyIihEoeyW8,702.91,760.95,Daniel Barenboim
ae3b271c_part03,ae3b271c_part03.wav,Beethoven: Piano Sonata No.13 in E-flat Major movement 4,https://www.youtube.com/watch?v=IyIihEoeyW8,760.95,947.46,Daniel Barenboim
5c1d1867_part01,5c1d1867_part01.wav,Beethoven: Piano Sonata No.15 in D Major “Pastorale” movement 1,https://www.youtube.com/watch?v=Y-8UY81DSTw,0.0,292.87,Daniel Barenboim
5c1d1867_part03,5c1d1867_part03.wav,Beethoven: Piano Sonata No.15 in D Major “Pastorale” movement 1,https://www.youtube.com/watch?v=Y-8UY81DSTw,398.58,577.96,Daniel Barenboim
2ffa203c_part01,2ffa203c_part01.wav,Beethoven: Piano Sonata No.15 in D Major “Pastorale” movement 2,https://www.youtube.com/watch?v=Y-8UY81DSTw,577.96,732.65,Daniel Barenboim
5c1d1867_part02,5c1d1867_part02.wav,Beethoven: Piano Sonata No.15 in D Major “Pastorale” movement 1,https://www.youtube.com/watch?v=Y-8UY81DSTw,292.87,398.58,Daniel Barenboim
2ffa203c_part02,2ffa203c_part02.wav,Beethoven: Piano Sonata No.15 in D Major “Pastorale” movement 2,https://www.youtube.com/watch?v=Y-8UY81DSTw,732.65,805.83,Daniel Barenboim
89e2ef06_part01,89e2ef06_part01.wav,Beethoven: Piano Sonata No.15 in D Major “Pastorale” movement 3,https://www.youtube.com/watch?v=Y-8UY81DSTw,1037.27,1103.25,Daniel Barenboim
2ffa203c_part03,2ffa203c_part03.wav,Beethoven: Piano Sonata No.15 in D Major “Pastorale” movement 2,https://www.youtube.com/watch?v=Y-8UY81DSTw,805.83,1037.27,Daniel Barenboim
89e2ef06_part02,89e2ef06_part02.wav,Beethoven: Piano Sonata No.15 in D Major “Pastorale” movement 3,https://www.youtube.com/watch?v=Y-8UY81DSTw,1103.25,1122.0,Daniel Barenboim
89e2ef06_part03,89e2ef06_part03.wav,Beethoven: Piano Sonata No.15 in D Major “Pastorale” movement 3,https://www.youtube.com/watch?v=Y-8UY81DSTw,1122.0,1168.2,Daniel Barenboim
72f1e5a4_part01,72f1e5a4_part01.wav,Beethoven: Piano Sonata No.15 in D Major “Pastorale” movement 4,https://www.youtube.com/watch?v=Y-8UY81DSTw,1177.16,1256.41,Daniel Barenboim
72f1e5a4_part02,72f1e5a4_part02.wav,Beethoven: Piano Sonata No.15 in D Major “Pastorale” movement 4,https://www.youtube.com/watch?v=Y-8UY81DSTw,1256.41,1311.05,Daniel Barenboim
72f1e5a4_part03,72f1e5a4_part03.wav,Beethoven: Piano Sonata No.15 in D Major “Pastorale” movement 4,https://www.youtube.com/watch?v=Y-8UY81DSTw,1311.05,1428.08,Daniel Barenboim
